"id","code","description","parent_id:id"
"cnae_A","A","Agricultura, ganadería, silvicultura y pesca",""
"cnae_A01","A01","Agricultura, ganadería, caza y servicios relacionados con las mismas","cnae_A"
"cnae_A011","A011","Cultivos no perennes","cnae_A01"
"cnae_A0111","A0111","Cultivo de cereales (excepto arroz), leguminosas y semillas oleaginosas","cnae_A011"
"cnae_A0112","A0112","Cultivo de arroz","cnae_A011"
"cnae_A0113","A0113","Cultivo de hortalizas, raíces y tubérculos","cnae_A011"
"cnae_A0114","A0114","Cultivo de caña de azúcar","cnae_A011"
"cnae_A0115","A0115","Cultivo de tabaco","cnae_A011"
"cnae_A0116","A0116","Cultivo de plantas para fibras textiles","cnae_A011"
"cnae_A0119","A0119","Otros cultivos no perennes","cnae_A011"
"cnae_A012","A012","Cultivos perennes","cnae_A01"
"cnae_A0121","A0121","Cultivo de la vid","cnae_A012"
"cnae_A0122","A0122","Cultivo de frutos tropicales y subtropicales","cnae_A012"
"cnae_A0123","A0123","Cultivo de cítricos","cnae_A012"
"cnae_A0124","A0124","Cultivo de frutos con hueso y pepitas","cnae_A012"
"cnae_A0125","A0125","Cultivo de otros árboles y arbustos frutales y frutos secos","cnae_A012"
"cnae_A0126","A0126","Cultivo de frutos oleaginosos","cnae_A012"
"cnae_A0127","A0127","Cultivo de plantas para bebidas","cnae_A012"
"cnae_A0128","A0128","Cultivo de especias, plantas aromáticas, medicinales y farmacéuticas","cnae_A012"
"cnae_A0129","A0129","Otros cultivos perennes","cnae_A012"
"cnae_A013","A013","Propagación de plantas","cnae_A01"
"cnae_A0130","A0130","Propagación de plantas","cnae_A013"
"cnae_A014","A014","Producción ganadera","cnae_A01"
"cnae_A0141","A0141","Explotación de ganado bovino para la producción de leche","cnae_A014"
"cnae_A0142","A0142","Explotación de otro ganado bovino y búfalos","cnae_A014"
"cnae_A0143","A0143","Explotación de caballos y otros equinos","cnae_A014"
"cnae_A0144","A0144","Explotación de camellos y otros camélidos","cnae_A014"
"cnae_A0145","A0145","Explotación de ganado ovino y caprino","cnae_A014"
"cnae_A0146","A0146","Explotación de ganado porcino","cnae_A014"
"cnae_A0147","A0147","Avicultura","cnae_A014"
"cnae_A0149","A0149","Otras explotaciones de ganado","cnae_A014"
"cnae_A015","A015","Producción agrícola combinada con la producción ganadera","cnae_A01"
"cnae_A0150","A0150","Producción agrícola combinada con la producción ganadera","cnae_A015"
"cnae_A016","A016","Actividades de apoyo a la agricultura, a la ganadería y de preparación posterior a la cosecha","cnae_A01"
"cnae_A0161","A0161","Actividades de apoyo a la agricultura","cnae_A016"
"cnae_A0162","A0162","Actividades de apoyo a la ganadería","cnae_A016"
"cnae_A0163","A0163","Actividades de preparación posterior a la cosecha","cnae_A016"
"cnae_A0164","A0164","Tratamiento de semillas para reproducción","cnae_A016"
"cnae_A017","A017","Caza, captura de animales y servicios relacionados con las mismas","cnae_A01"
"cnae_A0170","A0170","Caza, captura de animales y servicios relacionados con las mismas","cnae_A017"
"cnae_A02","A02","Silvicultura y explotación forestal","cnae_A"
"cnae_A021","A021","Silvicultura y otras actividades forestales","cnae_A02"
"cnae_A0210","A0210","Silvicultura y otras actividades forestales","cnae_A021"
"cnae_A022","A022","Explotación de la madera","cnae_A02"
"cnae_A0220","A0220","Explotación de la madera","cnae_A022"
"cnae_A023","A023","Recolección de productos silvestres, excepto madera","cnae_A02"
"cnae_A0230","A0230","Recolección de productos silvestres, excepto madera","cnae_A023"
"cnae_A024","A024","Servicios de apoyo a la silvicultura","cnae_A02"
"cnae_A0240","A0240","Servicios de apoyo a la silvicultura","cnae_A024"
"cnae_A03","A03","Pesca y acuicultura","cnae_A"
"cnae_A031","A031","Pesca","cnae_A03"
"cnae_A0311","A0311","Pesca marina","cnae_A031"
"cnae_A0312","A0312","Pesca en agua dulce","cnae_A031"
"cnae_A032","A032","Acuicultura","cnae_A03"
"cnae_A0321","A0321","Acuicultura marina","cnae_A032"
"cnae_A0322","A0322","Acuicultura en agua dulce","cnae_A032"
"cnae_B","B","Industrias extractivas",""
"cnae_B05","B05","Extracción de antracita, hulla y lignito","cnae_B"
"cnae_B051","B051","Extracción de antracita y hulla","cnae_B05"
"cnae_B0510","B0510","Extracción de antracita y hulla","cnae_B051"
"cnae_B052","B052","Extracción de lignito","cnae_B05"
"cnae_B0520","B0520","Extracción de lignito","cnae_B052"
"cnae_B06","B06","Extracción de crudo de petróleo y gas natural","cnae_B"
"cnae_B061","B061","Extracción de crudo de petróleo","cnae_B06"
"cnae_B0610","B0610","Extracción de crudo de petróleo","cnae_B061"
"cnae_B062","B062","Extracción de gas natural","cnae_B06"
"cnae_B0620","B0620","Extracción de gas natural","cnae_B062"
"cnae_B07","B07","Extracción de minerales metálicos","cnae_B"
"cnae_B071","B071","Extracción de minerales de hierro","cnae_B07"
"cnae_B0710","B0710","Extracción de minerales de hierro","cnae_B071"
"cnae_B072","B072","Extracción de minerales metálicos no férreos","cnae_B07"
"cnae_B0721","B0721","Extracción de minerales de uranio y torio","cnae_B072"
"cnae_B0729","B0729","Extracción de otros minerales metálicos no férreos","cnae_B072"
"cnae_B08","B08","Otras industrias extractivas","cnae_B"
"cnae_B081","B081","Extracción de piedra, arena y arcilla","cnae_B08"
"cnae_B0811","B0811","Extracción de piedra ornamental y para la construcción, piedra caliza, yeso, creta y pizarra","cnae_B081"
"cnae_B0812","B0812","Extracción de gravas y arenas; extracción de arcilla y caolín","cnae_B081"
"cnae_B089","B089","Industrias extractivas n.c.o.p.","cnae_B08"
"cnae_B0891","B0891","Extracción de minerales para productos químicos y fertilizantes","cnae_B089"
"cnae_B0892","B0892","Extracción de turba","cnae_B089"
"cnae_B0893","B0893","Extracción de sal","cnae_B089"
"cnae_B0899","B0899","Otras industrias extractivas n.c.o.p.","cnae_B089"
"cnae_B09","B09","Actividades de apoyo a las industrias extractivas","cnae_B"
"cnae_B091","B091","Actividades de apoyo a la extracción de petróleo y gas natural","cnae_B09"
"cnae_B0910","B0910","Actividades de apoyo a la extracción de petróleo y gas natural","cnae_B091"
"cnae_B099","B099","Actividades de apoyo a otras industrias extractivas","cnae_B09"
"cnae_B0990","B0990","Actividades de apoyo a otras industrias extractivas","cnae_B099"
"cnae_C","C","Industria manufacturera",""
"cnae_C10","C10","Industria de la alimentación","cnae_C"
"cnae_C101","C101","Procesado y conservación de carne y elaboración de productos cárnicos","cnae_C10"
"cnae_C1011","C1011","Procesado y conservación de carne","cnae_C101"
"cnae_C1012","C1012","Procesado y conservación de volatería","cnae_C101"
"cnae_C1013","C1013","Elaboración de productos cárnicos y de volatería","cnae_C101"
"cnae_C102","C102","Procesado y conservación de pescados, crustáceos y moluscos","cnae_C10"
"cnae_C1021","C1021","Procesado de pescados, crustáceos y moluscos","cnae_C102"
"cnae_C1022","C1022","Fabricación de conservas de pescado","cnae_C102"
"cnae_C103","C103","Procesado y conservación de frutas y hortalizas","cnae_C10"
"cnae_C1031","C1031","Procesado y conservación de patatas","cnae_C103"
"cnae_C1032","C1032","Elaboración de zumos de frutas y hortalizas","cnae_C103"
"cnae_C1039","C1039","Otro procesado y conservación de frutas y hortalizas","cnae_C103"
"cnae_C104","C104","Fabricación de aceites y grasas vegetales y animales","cnae_C10"
"cnae_C1042","C1042","Fabricación de margarina y grasas comestibles similares","cnae_C104"
"cnae_C1043","C1043","Fabricación de aceite de oliva","cnae_C104"
"cnae_C1044","C1044","Fabricación de otros aceites y grasas","cnae_C104"
"cnae_C105","C105","Fabricación de productos lácteos","cnae_C10"
"cnae_C1052","C1052","Elaboración de helados","cnae_C105"
"cnae_C1053","C1053","Fabricación de quesos","cnae_C105"
"cnae_C1054","C1054","Preparación de leche y otros productos lácteos","cnae_C105"
"cnae_C106","C106","Fabricación de productos de molinería, almidones y productos amiláceos","cnae_C10"
"cnae_C1061","C1061","Fabricación de productos de molinería","cnae_C106"
"cnae_C1062","C1062","Fabricación de almidones y productos amiláceos","cnae_C106"
"cnae_C107","C107","Fabricación de productos de panadería y pastas alimenticias","cnae_C10"
"cnae_C1071","C1071","Fabricación de pan y de productos frescos de panadería y pastelería","cnae_C107"
"cnae_C1072","C1072","Fabricación de galletas y productos de panadería y pastelería de larga duración","cnae_C107"
"cnae_C1073","C1073","Fabricación de pastas alimenticias, cuscús y productos similares","cnae_C107"
"cnae_C108","C108","Fabricación de otros productos alimenticios","cnae_C10"
"cnae_C1081","C1081","Fabricación de azúcar","cnae_C108"
"cnae_C1082","C1082","Fabricación de cacao, chocolate y productos de confitería","cnae_C108"
"cnae_C1083","C1083","Elaboración de café, té e infusiones","cnae_C108"
"cnae_C1084","C1084","Elaboración de especias, salsas y condimentos","cnae_C108"
"cnae_C1085","C1085","Elaboración de platos y comidas preparados","cnae_C108"
"cnae_C1086","C1086","Elaboración de preparados alimenticios homogeneizados y alimentos dietéticos","cnae_C108"
"cnae_C1089","C1089","Elaboración de otros productos alimenticios n.c.o.p.","cnae_C108"
"cnae_C109","C109","Fabricación de productos para la alimentación animal","cnae_C10"
"cnae_C1091","C1091","Fabricación de productos para la alimentación de animales de granja","cnae_C109"
"cnae_C1092","C1092","Fabricación de productos para la alimentación de animales de compañía","cnae_C109"
"cnae_C11","C11","Fabricación de bebidas","cnae_C"
"cnae_C110","C110","Fabricación de bebidas","cnae_C11"
"cnae_C1101","C1101","Destilación, rectificación y mezcla de bebidas alcohólicas","cnae_C110"
"cnae_C1102","C1102","Elaboración de vinos","cnae_C110"
"cnae_C1103","C1103","Elaboración de sidra y otras bebidas fermentadas a partir de frutas","cnae_C110"
"cnae_C1104","C1104","Elaboración de otras bebidas no destiladas, procedentes de la fermentación","cnae_C110"
"cnae_C1105","C1105","Fabricación de cerveza","cnae_C110"
"cnae_C1106","C1106","Fabricación de malta","cnae_C110"
"cnae_C1107","C1107","Fabricación de bebidas no alcohólicas; producción de aguas minerales y otras aguas embotelladas","cnae_C110"
"cnae_C12","C12","Industria del tabaco","cnae_C"
"cnae_C120","C120","Industria del tabaco","cnae_C12"
"cnae_C1200","C1200","Industria del tabaco","cnae_C120"
"cnae_C13","C13","Industria textil","cnae_C"
"cnae_C131","C131","Preparación e hilado de fibras textiles","cnae_C13"
"cnae_C1310","C1310","Preparación e hilado de fibras textiles","cnae_C131"
"cnae_C132","C132","Fabricación de tejidos textiles","cnae_C13"
"cnae_C1320","C1320","Fabricación de tejidos textiles","cnae_C132"
"cnae_C133","C133","Acabado de textiles","cnae_C13"
"cnae_C1330","C1330","Acabado de textiles","cnae_C133"
"cnae_C139","C139","Fabricación de otros productos textiles","cnae_C13"
"cnae_C1391","C1391","Fabricación de tejidos de punto","cnae_C139"
"cnae_C1392","C1392","Fabricación de artículos confeccionados con textiles, excepto prendas de vestir","cnae_C139"
"cnae_C1393","C1393","Fabricación de alfombras y moquetas","cnae_C139"
"cnae_C1394","C1394","Fabricación de cuerdas, cordeles, bramantes y redes","cnae_C139"
"cnae_C1395","C1395","Fabricación de telas no tejidas y artículos confeccionados con ellas, excepto prendas de vestir","cnae_C139"
"cnae_C1396","C1396","Fabricación de otros productos textiles de uso técnico e industrial","cnae_C139"
"cnae_C1399","C1399","Fabricación de otros productos textiles n.c.o.p.","cnae_C139"
"cnae_C14","C14","Confección de prendas de vestir","cnae_C"
"cnae_C141","C141","Confección de prendas de vestir, excepto de peletería","cnae_C14"
"cnae_C1411","C1411","Confección de prendas de vestir de cuero","cnae_C141"
"cnae_C1412","C1412","Confección de ropa de trabajo","cnae_C141"
"cnae_C1413","C1413","Confección de otras prendas de vestir exteriores","cnae_C141"
"cnae_C1414","C1414","Confección de ropa interior","cnae_C141"
"cnae_C1419","C1419","Confección de otras prendas de vestir y accesorios","cnae_C141"
"cnae_C142","C142","Fabricación de artículos de peletería","cnae_C14"
"cnae_C1420","C1420","Fabricación de artículos de peletería","cnae_C142"
"cnae_C143","C143","Confección de prendas de vestir de punto","cnae_C14"
"cnae_C1431","C1431","Confección de calcetería","cnae_C143"
"cnae_C1439","C1439","Confección de otras prendas de vestir de punto","cnae_C143"
"cnae_C15","C15","Industria del cuero y del calzado","cnae_C"
"cnae_C151","C151","Preparación, curtido y acabado del cuero; fabricación de artículos de marroquinería, viaje y de guarnicionería y talabartería; preparación y teñido de pieles","cnae_C15"
"cnae_C1511","C1511","Preparación, curtido y acabado del cuero; preparación y teñido de pieles","cnae_C151"
"cnae_C1512","C1512","Fabricación de artículos de marroquinería, viaje y de guarnicionería y talabartería","cnae_C151"
"cnae_C152","C152","Fabricación de calzado","cnae_C15"
"cnae_C1520","C1520","Fabricación de calzado","cnae_C152"
"cnae_C16","C16","Industria de la madera y del corcho, excepto muebles; cestería y espartería","cnae_C"
"cnae_C161","C161","Aserrado y cepillado de la madera","cnae_C16"
"cnae_C1610","C1610","Aserrado y cepillado de la madera","cnae_C161"
"cnae_C162","C162","Fabricación de productos de madera, corcho, cestería y espartería","cnae_C16"
"cnae_C1621","C1621","Fabricación de chapas y tableros de madera","cnae_C162"
"cnae_C1622","C1622","Fabricación de suelos de madera ensamblados","cnae_C162"
"cnae_C1623","C1623","Fabricación de otras estructuras de madera y piezas de carpintería y ebanistería para la construcción","cnae_C162"
"cnae_C1624","C1624","Fabricación de envases y embalajes de madera","cnae_C162"
"cnae_C1629","C1629","Fabricación de otros productos de madera; artículos de corcho, cestería y espartería","cnae_C162"
"cnae_C17","C17","Industria del papel","cnae_C"
"cnae_C171","C171","Fabricación de pasta papelera, papel y cartón","cnae_C17"
"cnae_C1711","C1711","Fabricación de pasta papelera","cnae_C171"
"cnae_C1712","C1712","Fabricación de papel y cartón","cnae_C171"
"cnae_C172","C172","Fabricación de artículos de papel y de cartón","cnae_C17"
"cnae_C1721","C1721","Fabricación de papel y cartón ondulados; fabricación de envases y embalajes de papel y cartón","cnae_C172"
"cnae_C1722","C1722","Fabricación de artículos de papel y cartón para uso doméstico, sanitario e higiénico","cnae_C172"
"cnae_C1723","C1723","Fabricación de artículos de papelería","cnae_C172"
"cnae_C1724","C1724","Fabricación de papeles pintados","cnae_C172"
"cnae_C1729","C1729","Fabricación de otros artículos de papel y cartón","cnae_C172"
"cnae_C18","C18","Artes gráficas y reproducción de soportes grabados","cnae_C"
"cnae_C181","C181","Artes gráficas y servicios relacionados con las mismas","cnae_C18"
"cnae_C1811","C1811","Artes gráficas y servicios relacionados con las mismas","cnae_C181"
"cnae_C1812","C1812","Otras actividades de impresión y artes gráficas","cnae_C181"
"cnae_C1813","C1813","Servicios de preimpresión y preparación de soportes","cnae_C181"
"cnae_C1814","C1814","Encuadernación y servicios relacionados con la misma","cnae_C181"
"cnae_C182","C182","Reproducción de soportes grabados","cnae_C18"
"cnae_C1820","C1820","Reproducción de soportes grabados","cnae_C182"
"cnae_C19","C19","Coquerías y refino de petróleo","cnae_C"
"cnae_C191","C191","Coquerías","cnae_C19"
"cnae_C1910","C1910","Coquerías","cnae_C191"
"cnae_C192","C192","Refino de petróleo","cnae_C19"
"cnae_C1920","C1920","Refino de petróleo","cnae_C192"
"cnae_C20","C20","Industria química","cnae_C"
"cnae_C201","C201","Fabricación de productos químicos básicos, compuestos nitrogenados, fertilizantes, plásticos y caucho sintético en formas primarias","cnae_C20"
"cnae_C2011","C2011","Fabricación de gases industriales","cnae_C201"
"cnae_C2012","C2012","Fabricación de colorantes y pigmentos","cnae_C201"
"cnae_C2013","C2013","Fabricación de otros productos básicos de química inorgánica","cnae_C201"
"cnae_C2014","C2014","Fabricación de otros productos básicos de química orgánica","cnae_C201"
"cnae_C2015","C2015","Fabricación de fertilizantes y compuestos nitrogenados","cnae_C201"
"cnae_C2016","C2016","Fabricación de plásticos en formas primarias","cnae_C201"
"cnae_C2017","C2017","Fabricación de caucho sintético en formas primarias","cnae_C201"
"cnae_C202","C202","Fabricación de pesticidas y otros productos agroquímicos","cnae_C20"
"cnae_C2020","C2020","Fabricación de pesticidas y otros productos agroquímicos","cnae_C202"
"cnae_C203","C203","Fabricación de pinturas, barnices y revestimientos similares; tintas de imprenta y masillas","cnae_C20"
"cnae_C2030","C2030","Fabricación de pinturas, barnices y revestimientos similares; tintas de imprenta y masillas","cnae_C203"
"cnae_C204","C204","Fabricación de jabones, detergentes y otros artículos de limpieza y abrillantamiento; fabricación de perfumes y cosméticos","cnae_C20"
"cnae_C2041","C2041","Fabricación de jabones, detergentes y otros artículos de limpieza y abrillantamiento","cnae_C204"
"cnae_C2042","C2042","Fabricación de perfumes y cosméticos","cnae_C204"
"cnae_C205","C205","Fabricación de otros productos químicos","cnae_C20"
"cnae_C2051","C2051","Fabricación de explosivos","cnae_C205"
"cnae_C2052","C2052","Fabricación de colas","cnae_C205"
"cnae_C2053","C2053","Fabricación de aceites esenciales","cnae_C205"
"cnae_C2059","C2059","Fabricación de otros productos químicos n.c.o.p.","cnae_C205"
"cnae_C206","C206","Fabricación de fibras artificiales y sintéticas","cnae_C20"
"cnae_C2060","C2060","Fabricación de fibras artificiales y sintéticas","cnae_C206"
"cnae_C21","C21","Fabricación de productos farmacéuticos","cnae_C"
"cnae_C211","C211","Fabricación de productos farmacéuticos de base","cnae_C21"
"cnae_C2110","C2110","Fabricación de productos farmacéuticos de base","cnae_C211"
"cnae_C212","C212","Fabricación de especialidades farmacéuticas","cnae_C21"
"cnae_C2120","C2120","Fabricación de especialidades farmacéuticas","cnae_C212"
"cnae_C22","C22","Fabricación de productos de caucho y plásticos","cnae_C"
"cnae_C221","C221","Fabricación de productos de caucho","cnae_C22"
"cnae_C2211","C2211","Fabricación de neumáticos y cámaras de caucho; reconstrucción y recauchutado de neumáticos","cnae_C221"
"cnae_C2219","C2219","Fabricación de otros productos de caucho","cnae_C221"
"cnae_C222","C222","Fabricación de productos de plástico","cnae_C22"
"cnae_C2221","C2221","Fabricación de placas, hojas, tubos y perfiles de plástico","cnae_C222"
"cnae_C2222","C2222","Fabricación de envases y embalajes de plástico","cnae_C222"
"cnae_C2223","C2223","Fabricación de productos de plástico para la construcción","cnae_C222"
"cnae_C2229","C2229","Fabricación de otros productos de plástico","cnae_C222"
"cnae_C23","C23","Fabricación de otros productos minerales no metálicos","cnae_C"
"cnae_C231","C231","Fabricación de vidrio y productos de vidrio","cnae_C23"
"cnae_C2311","C2311","Fabricación de vidrio plano","cnae_C231"
"cnae_C2312","C2312","Manipulado y transformación de vidrio plano","cnae_C231"
"cnae_C2313","C2313","Fabricación de vidrio hueco","cnae_C231"
"cnae_C2314","C2314","Fabricación de fibra de vidrio","cnae_C231"
"cnae_C2319","C2319","Fabricación y manipulado de otro vidrio, incluido el vidrio técnico","cnae_C231"
"cnae_C232","C232","Fabricación de productos cerámicos refractarios","cnae_C23"
"cnae_C2320","C2320","Fabricación de productos cerámicos refractarios","cnae_C232"
"cnae_C233","C233","Fabricación de productos cerámicos para la construcción","cnae_C23"
"cnae_C2331","C2331","Fabricación de azulejos y baldosas de cerámica","cnae_C233"
"cnae_C2332","C2332","Fabricación de ladrillos, tejas y productos de tierras cocidas para la construcción","cnae_C233"
"cnae_C234","C234","Fabricación de otros productos cerámicos","cnae_C23"
"cnae_C2341","C2341","Fabricación de artículos cerámicos de uso doméstico y ornamental","cnae_C234"
"cnae_C2342","C2342","Fabricación de aparatos sanitarios cerámicos","cnae_C234"
"cnae_C2343","C2343","Fabricación de aisladores y piezas aislantes de material cerámico","cnae_C234"
"cnae_C2344","C2344","Fabricación de otros productos cerámicos de uso técnico","cnae_C234"
"cnae_C2349","C2349","Fabricación de otros productos cerámicos","cnae_C234"
"cnae_C235","C235","Fabricación de cemento, cal y yeso","cnae_C23"
"cnae_C2351","C2351","Fabricación de cemento","cnae_C235"
"cnae_C2352","C2352","Fabricación de cal y yeso","cnae_C235"
"cnae_C236","C236","Fabricación de elementos de hormigón, cemento y yeso","cnae_C23"
"cnae_C2361","C2361","Fabricación de elementos de hormigón para la construcción","cnae_C236"
"cnae_C2362","C2362","Fabricación de elementos de yeso para la construcción","cnae_C236"
"cnae_C2363","C2363","Fabricación de hormigón fresco","cnae_C236"
"cnae_C2364","C2364","Fabricación de mortero","cnae_C236"
"cnae_C2365","C2365","Fabricación de fibrocemento","cnae_C236"
"cnae_C2369","C2369","Fabricación de otros productos de hormigón, yeso y cemento","cnae_C236"
"cnae_C237","C237","Corte, tallado y acabado de la piedra","cnae_C23"
"cnae_C2370","C2370","Corte, tallado y acabado de la piedra","cnae_C237"
"cnae_C239","C239","Fabricación de productos abrasivos y productos minerales no metálicos n.c.o.p.","cnae_C23"
"cnae_C2391","C2391","Fabricación de productos abrasivos","cnae_C239"
"cnae_C2399","C2399","Fabricación de otros productos minerales no metálicos n.c.o.p.","cnae_C239"
"cnae_C24","C24","Metalurgia; fabricación de productos de hierro, acero y ferroaleaciones","cnae_C"
"cnae_C241","C241","Fabricación de productos básicos de hierro, acero y ferroaleaciones","cnae_C24"
"cnae_C2410","C2410","Fabricación de productos básicos de hierro, acero y ferroaleaciones","cnae_C241"
"cnae_C242","C242","Fabricación de tubos, tuberías, perfiles huecos y sus accesorios, de acero","cnae_C24"
"cnae_C2420","C2420","Fabricación de tubos, tuberías, perfiles huecos y sus accesorios, de acero","cnae_C242"
"cnae_C243","C243","Fabricación de otros productos de primera transformación del acero","cnae_C24"
"cnae_C2431","C2431","Estirado en frío","cnae_C243"
"cnae_C2432","C2432","Laminación en frío","cnae_C243"
"cnae_C2433","C2433","Producción de perfiles en frío por conformación con plegado","cnae_C243"
"cnae_C2434","C2434","Trefilado en frío","cnae_C243"
"cnae_C244","C244","Producción de metales preciosos y de otros metales no férreos","cnae_C24"
"cnae_C2441","C2441","Producción de metales preciosos","cnae_C244"
"cnae_C2442","C2442","Producción de aluminio","cnae_C244"
"cnae_C2443","C2443","Producción de plomo, zinc y estaño","cnae_C244"
"cnae_C2444","C2444","Producción de cobre","cnae_C244"
"cnae_C2445","C2445","Producción de otros metales no férreos","cnae_C244"
"cnae_C2446","C2446","Procesamiento de combustibles nucleares","cnae_C244"
"cnae_C245","C245","Fundición de metales","cnae_C24"
"cnae_C2451","C2451","Fundición de hierro","cnae_C245"
"cnae_C2452","C2452","Fundición de acero","cnae_C245"
"cnae_C2453","C2453","Fundición de metales ligeros","cnae_C245"
"cnae_C2454","C2454","Fundición de otros metales no férreos","cnae_C245"
"cnae_C25","C25","Fabricación de productos metálicos, excepto maquinaria y equipo","cnae_C"
"cnae_C251","C251","Fabricación de elementos metálicos para la construcción","cnae_C25"
"cnae_C2511","C2511","Fabricación de estructuras metálicas y sus componentes","cnae_C251"
"cnae_C2512","C2512","Fabricación de carpintería metálica","cnae_C251"
"cnae_C252","C252","Fabricación de cisternas, grandes depósitos y contenedores de metal","cnae_C25"
"cnae_C2521","C2521","Fabricación de radiadores y calderas para calefacción central","cnae_C252"
"cnae_C2529","C2529","Fabricación de otras cisternas, grandes depósitos y contenedores de metal","cnae_C252"
"cnae_C253","C253","Fabricación de generadores de vapor, excepto calderas de calefacción central","cnae_C25"
"cnae_C2530","C2530","Fabricación de generadores de vapor, excepto calderas de calefacción central","cnae_C253"
"cnae_C254","C254","Fabricación de armas y municiones","cnae_C25"
"cnae_C2540","C2540","Fabricación de armas y municiones","cnae_C254"
"cnae_C255","C255","Forja, estampación y embutición de metales; metalurgia de polvos","cnae_C25"
"cnae_C2550","C2550","Forja, estampación y embutición de metales; metalurgia de polvos","cnae_C255"
"cnae_C256","C256","Tratamiento y revestimiento de metales; ingeniería mecánica por cuenta de terceros","cnae_C25"
"cnae_C2561","C2561","Tratamiento y revestimiento de metales","cnae_C256"
"cnae_C2562","C2562","Ingeniería mecánica por cuenta de terceros","cnae_C256"
"cnae_C257","C257","Fabricación de artículos de cuchillería y cubertería, herramientas y ferretería","cnae_C25"
"cnae_C2571","C2571","Fabricación de artículos de cuchillería y cubertería","cnae_C257"
"cnae_C2572","C2572","Fabricación de cerraduras y herrajes","cnae_C257"
"cnae_C2573","C2573","Fabricación de herramientas","cnae_C257"
"cnae_C259","C259","Fabricación de otros productos metálicos","cnae_C25"
"cnae_C2591","C2591","Fabricación de bidones y toneles de hierro o acero","cnae_C259"
"cnae_C2592","C2592","Fabricación de envases y embalajes metálicos ligeros","cnae_C259"
"cnae_C2593","C2593","Fabricación de productos de alambre, cadenas y muelles","cnae_C259"
"cnae_C2594","C2594","Fabricación de pernos y productos de tornillería","cnae_C259"
"cnae_C2599","C2599","Fabricación de otros productos metálicos n.c.o.p.","cnae_C259"
"cnae_C26","C26","Fabricación de productos informáticos, electrónicos y ópticos","cnae_C"
"cnae_C261","C261","Fabricación de componentes electrónicos y circuitos impresos ensamblados","cnae_C26"
"cnae_C2611","C2611","Fabricación de componentes electrónicos","cnae_C261"
"cnae_C2612","C2612","Fabricación de circuitos impresos ensamblados","cnae_C261"
"cnae_C262","C262","Fabricación de ordenadores y equipos periféricos","cnae_C26"
"cnae_C2620","C2620","Fabricación de ordenadores y equipos periféricos","cnae_C262"
"cnae_C263","C263","Fabricación de equipos de telecomunicaciones","cnae_C26"
"cnae_C2630","C2630","Fabricación de equipos de telecomunicaciones","cnae_C263"
"cnae_C264","C264","Fabricación de productos electrónicos de consumo","cnae_C26"
"cnae_C2640","C2640","Fabricación de productos electrónicos de consumo","cnae_C264"
"cnae_C265","C265","Fabricación de instrumentos y aparatos de medida, verificación y navegación; fabricación de relojes","cnae_C26"
"cnae_C2651","C2651","Fabricación de instrumentos y aparatos de medida, verificación y navegación","cnae_C265"
"cnae_C2652","C2652","Fabricación de relojes","cnae_C265"
"cnae_C266","C266","Fabricación de equipos de radiación, electromédicos y electroterapéuticos","cnae_C26"
"cnae_C2660","C2660","Fabricación de equipos de radiación, electromédicos y electroterapéuticos","cnae_C266"
"cnae_C267","C267","Fabricación de instrumentos de óptica y equipo fotográfico","cnae_C26"
"cnae_C2670","C2670","Fabricación de instrumentos de óptica y equipo fotográfico","cnae_C267"
"cnae_C268","C268","Fabricación de soportes magnéticos y ópticos","cnae_C26"
"cnae_C2680","C2680","Fabricación de soportes magnéticos y ópticos","cnae_C268"
"cnae_C27","C27","Fabricación de material y equipo eléctrico","cnae_C"
"cnae_C271","C271","Fabricación de motores, generadores y transformadores eléctricos, y de aparatos de distribución y control eléctrico","cnae_C27"
"cnae_C2711","C2711","Fabricación de motores, generadores y transformadores eléctricos","cnae_C271"
"cnae_C2712","C2712","Fabricación de aparatos de distribución y control eléctrico","cnae_C271"
"cnae_C272","C272","Fabricación de pilas y acumuladores eléctricos","cnae_C27"
"cnae_C2720","C2720","Fabricación de pilas y acumuladores eléctricos","cnae_C272"
"cnae_C273","C273","Fabricación de cables y dispositivos de cableado","cnae_C27"
"cnae_C2731","C2731","Fabricación de cables de fibra óptica","cnae_C273"
"cnae_C2732","C2732","Fabricación de otros hilos y cables electrónicos y eléctricos","cnae_C273"
"cnae_C2733","C2733","Fabricación de dispositivos de cableado","cnae_C273"
"cnae_C274","C274","Fabricación de lámparas y aparatos eléctricos de iluminación","cnae_C27"
"cnae_C2740","C2740","Fabricación de lámparas y aparatos eléctricos de iluminación","cnae_C274"
"cnae_C275","C275","Fabricación de aparatos domésticos","cnae_C27"
"cnae_C2751","C2751","Fabricación de electrodomésticos","cnae_C275"
"cnae_C2752","C2752","Fabricación de aparatos domésticos no eléctricos","cnae_C275"
"cnae_C279","C279","Fabricación de otro material y equipo eléctrico","cnae_C27"
"cnae_C2790","C2790","Fabricación de otro material y equipo eléctrico","cnae_C279"
"cnae_C28","C28","Fabricación de maquinaria y equipo n.c.o.p.","cnae_C"
"cnae_C281","C281","Fabricación de maquinaria de uso general","cnae_C28"
"cnae_C2811","C2811","Fabricación de motores y turbinas, excepto los destinados a aeronaves, vehículos automóviles y ciclomotores","cnae_C281"
"cnae_C2812","C2812","Fabricación de equipos de transmisión hidráulica y neumática","cnae_C281"
"cnae_C2813","C2813","Fabricación de otras bombas y compresores","cnae_C281"
"cnae_C2814","C2814","Fabricación de otra grifería y válvulas","cnae_C281"
"cnae_C2815","C2815","Fabricación de cojinetes, engranajes y órganos mecánicos de transmisión","cnae_C281"
"cnae_C282","C282","Fabricación de otra maquinaria de uso general","cnae_C28"
"cnae_C2821","C2821","Fabricación de hornos y quemadores","cnae_C282"
"cnae_C2822","C2822","Fabricación de maquinaria de elevación y manipulación","cnae_C282"
"cnae_C2823","C2823","Fabricación de máquinas y equipos de oficina, excepto equipos informáticos","cnae_C282"
"cnae_C2824","C2824","Fabricación de herramientas eléctricas manuales","cnae_C282"
"cnae_C2825","C2825","Fabricación de maquinaria de ventilación y refrigeración no doméstica","cnae_C282"
"cnae_C2829","C2829","Fabricación de otra maquinaria de uso general n.c.o.p.","cnae_C282"
"cnae_C283","C283","Fabricación de maquinaria agraria y forestal","cnae_C28"
"cnae_C2830","C2830","Fabricación de maquinaria agraria y forestal","cnae_C283"
"cnae_C284","C284","Fabricación de máquinas herramienta para trabajar el metal y otras máquinas herramienta","cnae_C28"
"cnae_C2841","C2841","Fabricación de máquinas herramienta para trabajar el metal","cnae_C284"
"cnae_C2849","C2849","Fabricación de otras máquinas herramienta","cnae_C284"
"cnae_C289","C289","Fabricación de otra maquinaria para usos específicos","cnae_C28"
"cnae_C2891","C2891","Fabricación de maquinaria para la industria metalúrgica","cnae_C289"
"cnae_C2892","C2892","Fabricación de maquinaria para las industrias extractivas y de la construcción","cnae_C289"
"cnae_C2893","C2893","Fabricación de maquinaria para la industria de la alimentación, bebidas y tabaco","cnae_C289"
"cnae_C2894","C2894","Fabricación de maquinaria para las industrias textil, de la confección y del cuero","cnae_C289"
"cnae_C2895","C2895","Fabricación de maquinaria para la industria del papel y del cartón","cnae_C289"
"cnae_C2896","C2896","Fabricación de maquinaria para la industria del plástico y el caucho","cnae_C289"
"cnae_C2899","C2899","Fabricación de otra maquinaria para usos específicos n.c.o.p.","cnae_C289"
"cnae_C29","C29","Fabricación de vehículos de motor, remolques y semirremolques","cnae_C"
"cnae_C291","C291","Fabricación de vehículos de motor","cnae_C29"
"cnae_C2910","C2910","Fabricación de vehículos de motor","cnae_C291"
"cnae_C292","C292","Fabricación de carrocerías para vehículos de motor; fabricación de remolques y semirremolques","cnae_C29"
"cnae_C2920","C2920","Fabricación de carrocerías para vehículos de motor; fabricación de remolques y semirremolques","cnae_C292"
"cnae_C293","C293","Fabricación de componentes, piezas y accesorios para vehículos de motor","cnae_C29"
"cnae_C2931","C2931","Fabricación de equipos eléctricos y electrónicos para vehículos de motor","cnae_C293"
"cnae_C2932","C2932","Fabricación de otros componentes, piezas y accesorios para vehículos de motor","cnae_C293"
"cnae_C30","C30","Fabricación de otro material de transporte","cnae_C"
"cnae_C301","C301","Construcción naval","cnae_C30"
"cnae_C3011","C3011","Construcción de barcos y estructuras flotantes","cnae_C301"
"cnae_C3012","C3012","Construcción de embarcaciones de recreo y deporte","cnae_C301"
"cnae_C302","C302","Fabricación de locomotoras y material ferroviario","cnae_C30"
"cnae_C3020","C3020","Fabricación de locomotoras y material ferroviario","cnae_C302"
"cnae_C303","C303","Construcción aeronáutica y espacial y su maquinaria","cnae_C30"
"cnae_C3030","C3030","Construcción aeronáutica y espacial y su maquinaria","cnae_C303"
"cnae_C304","C304","Fabricación de vehículos militares de combate","cnae_C30"
"cnae_C3040","C3040","Fabricación de vehículos militares de combate","cnae_C304"
"cnae_C309","C309","Fabricación de otro material de transporte n.c.o.p.","cnae_C30"
"cnae_C3091","C3091","Fabricación de motocicletas","cnae_C309"
"cnae_C3092","C3092","Fabricación de bicicletas y de vehículos para personas con discapacidad","cnae_C309"
"cnae_C3099","C3099","Fabricación de otro material de transporte n.c.o.p.","cnae_C309"
"cnae_C31","C31","Fabricación de muebles","cnae_C"
"cnae_C310","C310","Fabricación de muebles","cnae_C31"
"cnae_C3101","C3101","Fabricación de muebles de oficina y de establecimientos comerciales","cnae_C310"
"cnae_C3102","C3102","Fabricación de muebles de cocina","cnae_C310"
"cnae_C3103","C3103","Fabricación de colchones","cnae_C310"
"cnae_C3109","C3109","Fabricación de otros muebles","cnae_C310"
"cnae_C32","C32","Otras industrias manufactureras","cnae_C"
"cnae_C321","C321","Fabricación de artículos de joyería, bisutería y similares","cnae_C32"
"cnae_C3211","C3211","Fabricación de monedas","cnae_C321"
"cnae_C3212","C3212","Fabricación de artículos de joyería y artículos similares","cnae_C321"
"cnae_C3213","C3213","Fabricación de artículos de bisutería y artículos similares","cnae_C321"
"cnae_C322","C322","Fabricación de instrumentos musicales","cnae_C32"
"cnae_C3220","C3220","Fabricación de instrumentos musicales","cnae_C322"
"cnae_C323","C323","Fabricación de artículos de deporte","cnae_C32"
"cnae_C3230","C3230","Fabricación de artículos de deporte","cnae_C323"
"cnae_C324","C324","Fabricación de juegos y juguetes","cnae_C32"
"cnae_C3240","C3240","Fabricación de juegos y juguetes","cnae_C324"
"cnae_C325","C325","Fabricación de instrumentos y suministros médicos y odontológicos","cnae_C32"
"cnae_C3250","C3250","Fabricación de instrumentos y suministros médicos y odontológicos","cnae_C325"
"cnae_C329","C329","Industrias manufactureras n.c.o.p.","cnae_C32"
"cnae_C3291","C3291","Fabricación de escobas, brochas y cepillos","cnae_C329"
"cnae_C3299","C3299","Otras industrias manufactureras n.c.o.p.","cnae_C329"
"cnae_C33","C33","Reparación e instalación de maquinaria y equipo","cnae_C"
"cnae_C331","C331","Reparación de productos metálicos, maquinaria y equipo","cnae_C33"
"cnae_C3311","C3311","Reparación de productos metálicos","cnae_C331"
"cnae_C3312","C3312","Reparación de maquinaria","cnae_C331"
"cnae_C3313","C3313","Reparación de equipos electrónicos y ópticos","cnae_C331"
"cnae_C3314","C3314","Reparación de equipos eléctricos","cnae_C331"
"cnae_C3315","C3315","Reparación y mantenimiento naval","cnae_C331"
"cnae_C3316","C3316","Reparación y mantenimiento aeronáutico y espacial","cnae_C331"
"cnae_C3317","C3317","Reparación y mantenimiento de otro material de transporte","cnae_C331"
"cnae_C3319","C3319","Reparación de otros equipos","cnae_C331"
"cnae_C332","C332","Instalación de máquinas y equipos industriales","cnae_C33"
"cnae_C3320","C3320","Instalación de máquinas y equipos industriales","cnae_C332"
"cnae_D","D","Suministro de energía eléctrica, gas, vapor y aire acondicionado",""
"cnae_D35","D35","Suministro de energía eléctrica, gas, vapor y aire acondicionado","cnae_D"
"cnae_D351","D351","Producción, transporte y distribución de energía eléctrica","cnae_D35"
"cnae_D3512","D3512","Transporte de energía eléctrica","cnae_D351"
"cnae_D3513","D3513","Distribución de energía eléctrica","cnae_D351"
"cnae_D3514","D3514","Comercio de energía eléctrica","cnae_D351"
"cnae_D3515","D3515","Producción de energía hidroeléctrica","cnae_D351"
"cnae_D3516","D3516","Producción de energía eléctrica de origen térmico convencional","cnae_D351"
"cnae_D3517","D3517","Producción de energía eléctrica de origen nuclear","cnae_D351"
"cnae_D3518","D3518","Producción de energía eléctrica de origen eólico","cnae_D351"
"cnae_D3519","D3519","Producción de energía eléctrica de otros tipos","cnae_D351"
"cnae_D352","D352","Producción de gas; distribución por tubería de combustibles gaseosos","cnae_D35"
"cnae_D3521","D3521","Producción de gas","cnae_D352"
"cnae_D3522","D3522","Distribución por tubería de combustibles gaseosos","cnae_D352"
"cnae_D3523","D3523","Comercio de gas por tubería","cnae_D352"
"cnae_D353","D353","Suministro de vapor y aire acondicionado","cnae_D35"
"cnae_D3530","D3530","Suministro de vapor y aire acondicionado","cnae_D353"
"cnae_E","E","Suministro de agua, actividades de saneamiento, gestión de residuos y descontaminación",""
"cnae_E36","E36","Captación, depuración y distribución de agua","cnae_E"
"cnae_E360","E360","Captación, depuración y distribución de agua","cnae_E36"
"cnae_E3600","E3600","Captación, depuración y distribución de agua","cnae_E360"
"cnae_E37","E37","Recogida y tratamiento de aguas residuales","cnae_E"
"cnae_E370","E370","Recogida y tratamiento de aguas residuales","cnae_E37"
"cnae_E3700","E3700","Recogida y tratamiento de aguas residuales","cnae_E370"
"cnae_E38","E38","Recogida, tratamiento y eliminación de residuos; valorización","cnae_E"
"cnae_E381","E381","Recogida de residuos","cnae_E38"
"cnae_E3811","E3811","Recogida de residuos no peligrosos","cnae_E381"
"cnae_E3812","E3812","Recogida de residuos peligrosos","cnae_E381"
"cnae_E382","E382","Tratamiento y eliminación de residuos","cnae_E38"
"cnae_E3821","E3821","Tratamiento y eliminación de residuos no peligrosos","cnae_E382"
"cnae_E3822","E3822","Tratamiento y eliminación de residuos peligrosos","cnae_E382"
"cnae_E383","E383","Valorización","cnae_E38"
"cnae_E3831","E3831","Separación y clasificación de materiales","cnae_E383"
"cnae_E3832","E3832","Valorización de materiales ya clasificados","cnae_E383"
"cnae_E39","E39","Actividades de descontaminación y otros servicios de gestión de residuos","cnae_E"
"cnae_E390","E390","Actividades de descontaminación y otros servicios de gestión de residuos","cnae_E39"
"cnae_E3900","E3900","Actividades de descontaminación y otros servicios de gestión de residuos","cnae_E390"
"cnae_F","F","Construcción",""
"cnae_F41","F41","Construcción de edificios","cnae_F"
"cnae_F411","F411","Promoción inmobiliaria","cnae_F41"
"cnae_F4110","F4110","Promoción inmobiliaria","cnae_F411"
"cnae_F412","F412","Construcción de edificios","cnae_F41"
"cnae_F4121","F4121","Construcción de edificios residenciales","cnae_F412"
"cnae_F4122","F4122","Construcción de edificios no residenciales","cnae_F412"
"cnae_F42","F42","Ingeniería civil","cnae_F"
"cnae_F421","F421","Construcción de carreteras y vías férreas, puentes y túneles","cnae_F42"
"cnae_F4211","F4211","Construcción de carreteras y autopistas","cnae_F421"
"cnae_F4212","F4212","Construcción de vías férreas de superficie y subterráneas","cnae_F421"
"cnae_F4213","F4213","Construcción de puentes y túneles","cnae_F421"
"cnae_F422","F422","Construcción de redes","cnae_F42"
"cnae_F4221","F4221","Construcción de redes para fluidos","cnae_F422"
"cnae_F4222","F4222","Construcción de redes eléctricas y de telecomunicaciones","cnae_F422"
"cnae_F429","F429","Construcción de otros proyectos de ingeniería civil","cnae_F42"
"cnae_F4291","F4291","Obras hidráulicas","cnae_F429"
"cnae_F4299","F4299","Construcción de otros proyectos de ingeniería civil n.c.o.p.","cnae_F429"
"cnae_F43","F43","Actividades de construcción especializada","cnae_F"
"cnae_F431","F431","Demolición y preparación de terrenos","cnae_F43"
"cnae_F4311","F4311","Demolición","cnae_F431"
"cnae_F4312","F4312","Preparación de terrenos","cnae_F431"
"cnae_F4313","F4313","Perforaciones y sondeos","cnae_F431"
"cnae_F432","F432","Instalaciones eléctricas, de fontanería y otras instalaciones en obras de construcción","cnae_F43"
"cnae_F4321","F4321","Instalaciones eléctricas","cnae_F432"
"cnae_F4322","F4322","Fontanería, instalaciones de sistemas de calefacción y aire acondicionado","cnae_F432"
"cnae_F4329","F4329","Otras instalaciones en obras de construcción","cnae_F432"
"cnae_F433","F433","Acabado de edificios","cnae_F43"
"cnae_F4331","F4331","Revocamiento","cnae_F433"
"cnae_F4332","F4332","Instalación de carpintería","cnae_F433"
"cnae_F4333","F4333","Revestimiento de suelos y paredes","cnae_F433"
"cnae_F4334","F4334","Pintura y acristalamiento","cnae_F433"
"cnae_F4339","F4339","Otro acabado de edificios","cnae_F433"
"cnae_F439","F439","Otras actividades de construcción especializada","cnae_F43"
"cnae_F4391","F4391","Construcción de cubiertas","cnae_F439"
"cnae_F4399","F4399","Otras actividades de construcción especializada n.c.o.p.","cnae_F439"
"cnae_G","G","Comercio al por mayor y al por menor; reparación de vehículos de motor y motocicletas",""
"cnae_G45","G45","Venta y reparación de vehículos de motor y motocicletas","cnae_G"
"cnae_G451","G451","Venta de vehículos de motor","cnae_G45"
"cnae_G4511","G4511","Venta de automóviles y vehículos de motor ligeros","cnae_G451"
"cnae_G4519","G4519","Venta de otros vehículos de motor","cnae_G451"
"cnae_G452","G452","Mantenimiento y reparación de vehículos de motor","cnae_G45"
"cnae_G4520","G4520","Mantenimiento y reparación de vehículos de motor","cnae_G452"
"cnae_G453","G453","Comercio de repuestos y accesorios de vehículos de motor","cnae_G45"
"cnae_G4531","G4531","Comercio al por mayor de repuestos y accesorios de vehículos de motor","cnae_G453"
"cnae_G4532","G4532","Comercio al por menor de repuestos y accesorios de vehículos de motor","cnae_G453"
"cnae_G454","G454","Venta, mantenimiento y reparación de motocicletas y de sus repuestos y accesorios","cnae_G45"
"cnae_G4540","G4540","Venta, mantenimiento y reparación de motocicletas y de sus repuestos y accesorios","cnae_G454"
"cnae_G46","G46","Comercio al por mayor e intermediarios del comercio, excepto de vehículos de motor y motocicletas","cnae_G"
"cnae_G461","G461","Intermediarios del comercio","cnae_G46"
"cnae_G4611","G4611","Intermediarios del comercio de materias primas agrarias, animales vivos, materias primas textiles y productos semielaborados","cnae_G461"
"cnae_G4612","G4612","Intermediarios del comercio de combustibles, minerales, metales y productos químicos industriales","cnae_G461"
"cnae_G4613","G4613","Intermediarios del comercio de la madera y materiales de construcción","cnae_G461"
"cnae_G4614","G4614","Intermediarios del comercio de maquinaria, equipo industrial, embarcaciones y aeronaves","cnae_G461"
"cnae_G4615","G4615","Intermediarios del comercio de muebles, artículos para el hogar y ferretería","cnae_G461"
"cnae_G4616","G4616","Intermediarios del comercio de textiles, prendas de vestir, peletería, calzado y artículos de cuero","cnae_G461"
"cnae_G4617","G4617","Intermediarios del comercio de productos alimenticios, bebidas y tabaco","cnae_G461"
"cnae_G4618","G4618","Intermediarios del comercio especializados en la venta de otros productos específicos","cnae_G461"
"cnae_G4619","G4619","Intermediarios del comercio de productos diversos","cnae_G461"
"cnae_G462","G462","Comercio al por mayor de materias primas agrarias y de animales vivos","cnae_G46"
"cnae_G4621","G4621","Comercio al por mayor de cereales, tabaco en rama, simientes y alimentos para animales","cnae_G462"
"cnae_G4622","G4622","Comercio al por mayor de flores y plantas","cnae_G462"
"cnae_G4623","G4623","Comercio al por mayor de animales vivos","cnae_G462"
"cnae_G4624","G4624","Comercio al por mayor de cueros y pieles","cnae_G462"
"cnae_G463","G463","Comercio al por mayor de productos alimenticios, bebidas y tabaco","cnae_G46"
"cnae_G4631","G4631","Comercio al por mayor de frutas y hortalizas","cnae_G463"
"cnae_G4632","G4632","Comercio al por mayor de carne y productos cárnicos","cnae_G463"
"cnae_G4633","G4633","Comercio al por mayor de productos lácteos, huevos, aceites y grasas comestibles","cnae_G463"
"cnae_G4634","G4634","Comercio al por mayor de bebidas","cnae_G463"
"cnae_G4635","G4635","Comercio al por mayor de productos del tabaco","cnae_G463"
"cnae_G4636","G4636","Comercio al por mayor de azúcar, chocolate y confitería","cnae_G463"
"cnae_G4637","G4637","Comercio al por mayor de café, té, cacao y especias","cnae_G463"
"cnae_G4638","G4638","Comercio al por mayor de pescados y mariscos y otros productos alimenticios","cnae_G463"
"cnae_G4639","G4639","Comercio al por mayor, no especializado, de productos alimenticios, bebidas y tabaco","cnae_G463"
"cnae_G464","G464","Comercio al por mayor de artículos de uso doméstico","cnae_G46"
"cnae_G4641","G4641","Comercio al por mayor de textiles","cnae_G464"
"cnae_G4642","G4642","Comercio al por mayor de prendas de vestir y calzado","cnae_G464"
"cnae_G4643","G4643","Comercio al por mayor de aparatos electrodomésticos","cnae_G464"
"cnae_G4644","G4644","Comercio al por mayor de porcelana, cristalería y artículos de limpieza","cnae_G464"
"cnae_G4645","G4645","Comercio al por mayor de productos perfumería y cosmética","cnae_G464"
"cnae_G4646","G4646","Comercio al por mayor de productos farmacéuticos","cnae_G464"
"cnae_G4647","G4647","Comercio al por mayor de muebles, alfombras y aparatos de iluminación","cnae_G464"
"cnae_G4648","G4648","Comercio al por mayor de artículos de relojería y joyería","cnae_G464"
"cnae_G4649","G4649","Comercio al por mayor de otros artículos de uso doméstico","cnae_G464"
"cnae_G465","G465","Comercio al por mayor de equipos para las tecnologías de la información y las comunicaciones","cnae_G46"
"cnae_G4651","G4651","Comercio al por mayor de ordenadores, equipos periféricos y programas informáticos","cnae_G465"
"cnae_G4652","G4652","Comercio al por mayor de equipos electrónicos y de telecomunicaciones y sus componentes","cnae_G465"
"cnae_G466","G466","Comercio al por mayor de otra maquinaria, equipos y suministros","cnae_G46"
"cnae_G4661","G4661","Comercio al por mayor de maquinaria, equipos y suministros agrícolas","cnae_G466"
"cnae_G4662","G4662","Comercio al por mayor de máquinas herramienta","cnae_G466"
"cnae_G4663","G4663","Comercio al por mayor de maquinaria para la minería, la construcción y la ingeniería civil","cnae_G466"
"cnae_G4664","G4664","Comercio al por mayor de maquinaria para la industria textil y de máquinas de coser y tricotar","cnae_G466"
"cnae_G4665","G4665","Comercio al por mayor de muebles de oficina","cnae_G466"
"cnae_G4666","G4666","Comercio al por mayor de otra maquinaria y equipo de oficina","cnae_G466"
"cnae_G4669","G4669","Comercio al por mayor de otra maquinaria y equipo","cnae_G466"
"cnae_G467","G467","Otro comercio al por mayor especializado","cnae_G46"
"cnae_G4671","G4671","Comercio al por mayor de combustibles sólidos, líquidos y gaseosos, y productos similares","cnae_G467"
"cnae_G4672","G4672","Comercio al por mayor de metales y minerales metálicos","cnae_G467"
"cnae_G4673","G4673","Comercio al por mayor de madera, materiales de construcción y aparatos sanitarios","cnae_G467"
"cnae_G4674","G4674","Comercio al por mayor de ferretería, fontanería y calefacción","cnae_G467"
"cnae_G4675","G4675","Comercio al por mayor de productos químicos","cnae_G467"
"cnae_G4676","G4676","Comercio al por mayor de otros productos semielaborados","cnae_G467"
"cnae_G4677","G4677","Comercio al por mayor de chatarra y productos de desecho","cnae_G467"
"cnae_G469","G469","Comercio al por mayor no especializado","cnae_G46"
"cnae_G4690","G4690","Comercio al por mayor no especializado","cnae_G469"
"cnae_G47","G47","Comercio al por menor, excepto de vehículos de motor y motocicletas","cnae_G"
"cnae_G471","G471","Comercio al por menor en establecimientos no especializados","cnae_G47"
"cnae_G4711","G4711","Comercio al por menor en establecimientos no especializados, con predominio en productos alimenticios, bebidas y tabaco","cnae_G471"
"cnae_G4719","G4719","Otro comercio al por menor en establecimientos no especializados","cnae_G471"
"cnae_G472","G472","Comercio al por menor de productos alimenticios, bebidas y tabaco en establecimientos especializados","cnae_G47"
"cnae_G4721","G4721","Comercio al por menor de frutas y hortalizas en establecimientos especializados","cnae_G472"
"cnae_G4722","G4722","Comercio al por menor de carne y productos cárnicos en establecimientos especializados","cnae_G472"
"cnae_G4723","G4723","Comercio al por menor de pescados y mariscos en establecimientos especializados","cnae_G472"
"cnae_G4724","G4724","Comercio al por menor de pan y productos de panadería, confitería y pastelería en establecimientos especializados","cnae_G472"
"cnae_G4725","G4725","Comercio al por menor de bebidas en establecimientos especializados","cnae_G472"
"cnae_G4726","G4726","Comercio al por menor de productos de tabaco en establecimientos especializados","cnae_G472"
"cnae_G4729","G4729","Otro comercio al por menor de productos alimenticios en establecimientos especializados","cnae_G472"
"cnae_G473","G473","Comercio al por menor de combustible para la automoción en establecimientos especializados","cnae_G47"
"cnae_G4730","G4730","Comercio al por menor de combustible para la automoción en establecimientos especializados","cnae_G473"
"cnae_G474","G474","Comercio al por menor de equipos para las tecnologías de la información y las comunicaciones en establecimientos especializados","cnae_G47"
"cnae_G4741","G4741","Comercio al por menor de ordenadores, equipos periféricos y programas informáticos en establecimientos especializados","cnae_G474"
"cnae_G4742","G4742","Comercio al por menor de equipos de telecomunicaciones en establecimientos especializados","cnae_G474"
"cnae_G4743","G4743","Comercio al por menor de equipos de audio y vídeo en establecimientos especializados","cnae_G474"
"cnae_G475","G475","Comercio al por menor de otros artículos de uso doméstico en establecimientos especializados","cnae_G47"
"cnae_G4751","G4751","Comercio al por menor de textiles en establecimientos especializados","cnae_G475"
"cnae_G4752","G4752","Comercio al por menor de ferretería, pintura y vidrio en establecimientos especializados","cnae_G475"
"cnae_G4753","G4753","Comercio al por menor de alfombras, moquetas y revestimientos de paredes y suelos en establecimientos especializados","cnae_G475"
"cnae_G4754","G4754","Comercio al por menor de aparatos electrodomésticos en establecimientos especializados","cnae_G475"
"cnae_G4759","G4759","Comercio al por menor de muebles, aparatos de iluminación y otros artículos de uso doméstico en establecimientos especializados","cnae_G475"
"cnae_G476","G476","Comercio al por menor de artículos culturales y recreativos en establecimientos especializados","cnae_G47"
"cnae_G4761","G4761","Comercio al por menor de libros en establecimientos especializados","cnae_G476"
"cnae_G4762","G4762","Comercio al por menor de periódicos y artículos de papelería en establecimientos especializados","cnae_G476"
"cnae_G4763","G4763","Comercio al por menor de grabaciones de música y vídeo en establecimientos especializados","cnae_G476"
"cnae_G4764","G4764","Comercio al por menor de artículos deportivos en establecimientos especializados","cnae_G476"
"cnae_G4765","G4765","Comercio al por menor de juegos y juguetes en establecimientos especializados","cnae_G476"
"cnae_G477","G477","Comercio al por menor de otros artículos en establecimientos especializados","cnae_G47"
"cnae_G4771","G4771","Comercio al por menor de prendas de vestir en establecimientos especializados","cnae_G477"
"cnae_G4772","G4772","Comercio al por menor de calzado y artículos de cuero en establecimientos especializados","cnae_G477"
"cnae_G4773","G4773","Comercio al por menor de productos farmacéuticos en establecimientos especializados","cnae_G477"
"cnae_G4774","G4774","Comercio al por menor de artículos médicos y ortopédicos en establecimientos especializados","cnae_G477"
"cnae_G4775","G4775","Comercio al por menor de productos cosméticos e higiénicos en establecimientos especializados","cnae_G477"
"cnae_G4776","G4776","Comercio al por menor de flores, plantas, semillas, fertilizantes, animales de compañía y alimentos para los mismos en establecimientos especializados","cnae_G477"
"cnae_G4777","G4777","Comercio al por menor de artículos de relojería y joyería en establecimientos especializados","cnae_G477"
"cnae_G4778","G4778","Otro comercio al por menor de artículos nuevos en establecimientos especializados","cnae_G477"
"cnae_G4779","G4779","Comercio al por menor de artículos de segunda mano en establecimientos","cnae_G477"
"cnae_G478","G478","Comercio al por menor en puestos de venta y en mercadillos","cnae_G47"
"cnae_G4781","G4781","Comercio al por menor de productos alimenticios, bebidas y tabaco en puestos de venta y en mercadillos","cnae_G478"
"cnae_G4782","G4782","Comercio al por menor de productos textiles, prendas de vestir y calzado en puestos de venta y en mercadillos","cnae_G478"
"cnae_G4789","G4789","Comercio al por menor de otros productos en puestos de venta y en mercadillos","cnae_G478"
"cnae_G479","G479","Comercio al por menor no realizado ni en establecimientos, ni en puestos de venta ni en mercadillos","cnae_G47"
"cnae_G4791","G4791","Comercio al por menor por correspondencia o Internet","cnae_G479"
"cnae_G4799","G4799","Otro comercio al por menor no realizado ni en establecimientos, ni en puestos de venta ni en mercadillos","cnae_G479"
"cnae_H","H","Transporte y almacenamiento",""
"cnae_H49","H49","Transporte terrestre y por tubería","cnae_H"
"cnae_H491","H491","Transporte interurbano de pasajeros por ferrocarril","cnae_H49"
"cnae_H4910","H4910","Transporte interurbano de pasajeros por ferrocarril","cnae_H491"
"cnae_H492","H492","Transporte de mercancías por ferrocarril","cnae_H49"
"cnae_H4920","H4920","Transporte de mercancías por ferrocarril","cnae_H492"
"cnae_H493","H493","Otro transporte terrestre de pasajeros","cnae_H49"
"cnae_H4931","H4931","Transporte terrestre urbano y suburbano de pasajeros","cnae_H493"
"cnae_H4932","H4932","Transporte por taxi","cnae_H493"
"cnae_H4939","H4939","tipos de transporte terrestre de pasajeros n.c.o.p.","cnae_H493"
"cnae_H494","H494","Transporte de mercancías por carretera y servicios de mudanza","cnae_H49"
"cnae_H4941","H4941","Transporte de mercancías por carretera","cnae_H494"
"cnae_H4942","H4942","Servicios de mudanza","cnae_H494"
"cnae_H495","H495","Transporte por tubería","cnae_H49"
"cnae_H4950","H4950","Transporte por tubería","cnae_H495"
"cnae_H50","H50","Transporte marítimo y por vías navegables interiores","cnae_H"
"cnae_H501","H501","Transporte marítimo de pasajeros","cnae_H50"
"cnae_H5010","H5010","Transporte marítimo de pasajeros","cnae_H501"
"cnae_H502","H502","Transporte marítimo de mercancías","cnae_H50"
"cnae_H5020","H5020","Transporte marítimo de mercancías","cnae_H502"
"cnae_H503","H503","Transporte de pasajeros por vías navegables interiores","cnae_H50"
"cnae_H5030","H5030","Transporte de pasajeros por vías navegables interiores","cnae_H503"
"cnae_H504","H504","Transporte de mercancías por vías navegables interiores","cnae_H50"
"cnae_H5040","H5040","Transporte de mercancías por vías navegables interiores","cnae_H504"
"cnae_H51","H51","Transporte aéreo","cnae_H"
"cnae_H511","H511","Transporte aéreo de pasajeros","cnae_H51"
"cnae_H5110","H5110","Transporte aéreo de pasajeros","cnae_H511"
"cnae_H512","H512","Transporte aéreo de mercancías y transporte espacial","cnae_H51"
"cnae_H5121","H5121","Transporte aéreo de mercancías","cnae_H512"
"cnae_H5122","H5122","Transporte espacial","cnae_H512"
"cnae_H52","H52","Almacenamiento y actividades anexas al transporte","cnae_H"
"cnae_H521","H521","Depósito y almacenamiento","cnae_H52"
"cnae_H5210","H5210","Depósito y almacenamiento","cnae_H521"
"cnae_H522","H522","Actividades anexas al transporte","cnae_H52"
"cnae_H5221","H5221","Actividades anexas al transporte terrestre","cnae_H522"
"cnae_H5222","H5222","Actividades anexas al transporte marítimo y por vías navegables interiores","cnae_H522"
"cnae_H5223","H5223","Actividades anexas al transporte aéreo","cnae_H522"
"cnae_H5224","H5224","Manipulación de mercancías","cnae_H522"
"cnae_H5229","H5229","Otras actividades anexas al transporte","cnae_H522"
"cnae_H53","H53","Actividades postales y de correos","cnae_H"
"cnae_H531","H531","Actividades postales sometidas a la obligación del servicio universal","cnae_H53"
"cnae_H5310","H5310","Actividades postales sometidas a la obligación del servicio universal","cnae_H531"
"cnae_H532","H532","Otras actividades postales y de correos","cnae_H53"
"cnae_H5320","H5320","Otras actividades postales y de correos","cnae_H532"
"cnae_I","I","Hostelería",""
"cnae_I55","I55","Servicios de alojamiento","cnae_I"
"cnae_I551","I551","Hoteles y alojamientos similares","cnae_I55"
"cnae_I5510","I5510","Hoteles y alojamientos similares","cnae_I551"
"cnae_I552","I552","Alojamientos turísticos y otros alojamientos de corta estancia","cnae_I55"
"cnae_I5520","I5520","Alojamientos turísticos y otros alojamientos de corta estancia","cnae_I552"
"cnae_I553","I553","Campings y aparcamientos para caravanas","cnae_I55"
"cnae_I5530","I5530","Campings y aparcamientos para caravanas","cnae_I553"
"cnae_I559","I559","Otros alojamientos","cnae_I55"
"cnae_I5590","I5590","Otros alojamientos","cnae_I559"
"cnae_I56","I56","Servicios de comidas y bebidas","cnae_I"
"cnae_I561","I561","Restaurantes y puestos de comidas","cnae_I56"
"cnae_I5610","I5610","Restaurantes y puestos de comidas","cnae_I561"
"cnae_I562","I562","Provisión de comidas preparadas para eventos y otros servicios de comidas","cnae_I56"
"cnae_I5621","I5621","Provisión de comidas preparadas para eventos","cnae_I562"
"cnae_I5629","I5629","Otros servicios de comidas","cnae_I562"
"cnae_I563","I563","Establecimientos de bebidas","cnae_I56"
"cnae_I5630","I5630","Establecimientos de bebidas","cnae_I563"
"cnae_J","J","Información y comunicaciones",""
"cnae_J58","J58","Edición","cnae_J"
"cnae_J581","J581","Edición de libros, periódicos y otras actividades editoriales","cnae_J58"
"cnae_J5811","J5811","Edición de libros","cnae_J581"
"cnae_J5812","J5812","Edición de directorios y guías de direcciones postales","cnae_J581"
"cnae_J5813","J5813","Edición de periódicos","cnae_J581"
"cnae_J5814","J5814","Edición de revistas","cnae_J581"
"cnae_J5819","J5819","Otras actividades editoriales","cnae_J581"
"cnae_J582","J582","Edición de programas informáticos","cnae_J58"
"cnae_J5821","J5821","Edición de videojuegos","cnae_J582"
"cnae_J5829","J5829","Edición de otros programas informáticos","cnae_J582"
"cnae_J59","J59","Actividades cinematográficas, de vídeo y de programas de televisión, grabación de sonido y edición musical","cnae_J"
"cnae_J591","J591","Actividades cinematográficas, de vídeo y de programas de televisión","cnae_J59"
"cnae_J5912","J5912","Actividades de postproducción cinematográfica, de vídeo y de programas de televisión","cnae_J591"
"cnae_J5914","J5914","Actividades de exhibición cinematográfica","cnae_J591"
"cnae_J5915","J5915","Actividades de producción cinematográfica y de vídeo","cnae_J591"
"cnae_J5916","J5916","Actividades de producciones de programas de televisión","cnae_J591"
"cnae_J5917","J5917","Actividades de distribución cinematográfica y de vídeo","cnae_J591"
"cnae_J5918","J5918","Actividades de distribución de programas de televisión","cnae_J591"
"cnae_J592","J592","Actividades de grabación de sonido y edición musical","cnae_J59"
"cnae_J5920","J5920","Actividades de grabación de sonido y edición musical","cnae_J592"
"cnae_J60","J60","Actividades de programación y emisión de radio y televisión","cnae_J"
"cnae_J601","J601","Actividades de radiodifusión","cnae_J60"
"cnae_J6010","J6010","Actividades de radiodifusión","cnae_J601"
"cnae_J602","J602","Actividades de programación y emisión de televisión","cnae_J60"
"cnae_J6020","J6020","Actividades de programación y emisión de televisión","cnae_J602"
"cnae_J61","J61","Telecomunicaciones","cnae_J"
"cnae_J611","J611","Telecomunicaciones por cable","cnae_J61"
"cnae_J6110","J6110","Telecomunicaciones por cable","cnae_J611"
"cnae_J612","J612","Telecomunicaciones inalámbricas","cnae_J61"
"cnae_J6120","J6120","Telecomunicaciones inalámbricas","cnae_J612"
"cnae_J613","J613","Telecomunicaciones por satélite","cnae_J61"
"cnae_J6130","J6130","Telecomunicaciones por satélite","cnae_J613"
"cnae_J619","J619","Otras actividades de telecomunicaciones","cnae_J61"
"cnae_J6190","J6190","Otras actividades de telecomunicaciones","cnae_J619"
"cnae_J62","J62","Programación, consultoría y otras actividades relacionadas con la informática","cnae_J"
"cnae_J620","J620","Programación, consultoría y otras actividades relacionadas con la informática","cnae_J62"
"cnae_J6201","J6201","Actividades de programación informática","cnae_J620"
"cnae_J6202","J6202","Actividades de consultoría informática","cnae_J620"
"cnae_J6203","J6203","Gestión de recursos informáticos","cnae_J620"
"cnae_J6209","J6209","Otros servicios relacionados con las tecnologías de la información y la informática","cnae_J620"
"cnae_J63","J63","Servicios de información","cnae_J"
"cnae_J631","J631","Proceso de datos, hosting y actividades relacionadas; portales web","cnae_J63"
"cnae_J6311","J6311","Proceso de datos, hosting y actividades relacionadas","cnae_J631"
"cnae_J6312","J6312","Portales web","cnae_J631"
"cnae_J639","J639","Otros servicios de información","cnae_J63"
"cnae_J6391","J6391","Actividades de las agencias de noticias","cnae_J639"
"cnae_J6399","J6399","Otros servicios de información n.c.o.p.","cnae_J639"
"cnae_K","K","Actividades financieras y de seguros",""
"cnae_K64","K64","Servicios financieros, excepto seguros y fondos de pensiones","cnae_K"
"cnae_K641","K641","Intermediación monetaria","cnae_K64"
"cnae_K6411","K6411","Banco central","cnae_K641"
"cnae_K6419","K6419","Otra intermediación monetaria","cnae_K641"
"cnae_K642","K642","Actividades de las sociedades holding","cnae_K64"
"cnae_K6420","K6420","Actividades de las sociedades holding","cnae_K642"
"cnae_K643","K643","Inversión colectiva, fondos y entidades financieras similares","cnae_K64"
"cnae_K6430","K6430","Inversión colectiva, fondos y entidades financieras similares","cnae_K643"
"cnae_K649","K649","Otros servicios financieros, excepto seguros y fondos de pensiones","cnae_K64"
"cnae_K6491","K6491","Arrendamiento financiero","cnae_K649"
"cnae_K6492","K6492","Otras actividades crediticias","cnae_K649"
"cnae_K6499","K6499","Otros servicios financieros, excepto seguros y fondos de pensiones n.c.o.p.","cnae_K649"
"cnae_K65","K65","Seguros, reaseguros y fondos de pensiones, excepto Seguridad Social obligatoria","cnae_K"
"cnae_K651","K651","Seguros","cnae_K65"
"cnae_K6511","K6511","Seguros de vida","cnae_K651"
"cnae_K6512","K6512","Seguros distintos de los seguros de vida","cnae_K651"
"cnae_K652","K652","Reaseguros","cnae_K65"
"cnae_K6520","K6520","Reaseguros","cnae_K652"
"cnae_K653","K653","Fondos de pensiones","cnae_K65"
"cnae_K6530","K6530","Fondos de pensiones","cnae_K653"
"cnae_K66","K66","Actividades auxiliares a los servicios financieros y a los seguros","cnae_K"
"cnae_K661","K661","Actividades auxiliares a los servicios financieros, excepto seguros y fondos de pensiones","cnae_K66"
"cnae_K6611","K6611","Administración de mercados financieros","cnae_K661"
"cnae_K6612","K6612","Actividades de intermediación en operaciones con valores y otros activos","cnae_K661"
"cnae_K6619","K6619","Otras actividades auxiliares a los servicios financieros, excepto seguros y fondos de pensiones","cnae_K661"
"cnae_K662","K662","Actividades auxiliares a seguros y fondos de pensiones","cnae_K66"
"cnae_K6621","K6621","Evaluación de riesgos y daños","cnae_K662"
"cnae_K6622","K6622","Actividades de agentes y corredores de seguros","cnae_K662"
"cnae_K6629","K6629","Otras actividades auxiliares a seguros y fondos de pensiones","cnae_K662"
"cnae_K663","K663","Actividades de gestión de fondos","cnae_K66"
"cnae_K6630","K6630","Actividades de gestión de fondos","cnae_K663"
"cnae_L","L","Actividades inmobiliarias",""
"cnae_L68","L68","Actividades inmobiliarias","cnae_L"
"cnae_L681","L681","Compraventa de bienes inmobiliarios por cuenta propia","cnae_L68"
"cnae_L6810","L6810","Compraventa de bienes inmobiliarios por cuenta propia","cnae_L681"
"cnae_L682","L682","Alquiler de bienes inmobiliarios por cuenta propia","cnae_L68"
"cnae_L6820","L6820","Alquiler de bienes inmobiliarios por cuenta propia","cnae_L682"
"cnae_L683","L683","Actividades inmobiliarias por cuenta de terceros","cnae_L68"
"cnae_L6831","L6831","Agentes de la propiedad inmobiliaria","cnae_L683"
"cnae_L6832","L6832","Gestión y administración de la propiedad inmobiliaria","cnae_L683"
"cnae_M","M","Actividades profesionales, científicas y técnicas",""
"cnae_M69","M69","Actividades jurídicas y de contabilidad","cnae_M"
"cnae_M691","M691","Actividades jurídicas","cnae_M69"
"cnae_M6910","M6910","Actividades jurídicas","cnae_M691"
"cnae_M692","M692","Actividades de contabilidad, teneduría de libros, auditoría y asesoría fiscal","cnae_M69"
"cnae_M6920","M6920","Actividades de contabilidad, teneduría de libros, auditoría y asesoría fiscal","cnae_M692"
"cnae_M70","M70","Actividades de las sedes centrales; actividades de consultoría de gestión empresarial","cnae_M"
"cnae_M701","M701","Actividades de las sedes centrales","cnae_M70"
"cnae_M7010","M7010","Actividades de las sedes centrales","cnae_M701"
"cnae_M702","M702","Actividades de consultoría de gestión empresarial","cnae_M70"
"cnae_M7021","M7021","Relaciones públicas y comunicación","cnae_M702"
"cnae_M7022","M7022","Otras actividades de consultoría de gestión empresarial","cnae_M702"
"cnae_M71","M71","Servicios técnicos de arquitectura e ingeniería; ensayos y análisis técnicos","cnae_M"
"cnae_M711","M711","Servicios técnicos de arquitectura e ingeniería y otras actividades relacionadas con el asesoramiento técnico","cnae_M71"
"cnae_M7111","M7111","Servicios técnicos de arquitectura","cnae_M711"
"cnae_M7112","M7112","Servicios técnicos de ingeniería y otras actividades relacionadas con el asesoramiento técnico","cnae_M711"
"cnae_M712","M712","Ensayos y análisis técnicos","cnae_M71"
"cnae_M7120","M7120","Ensayos y análisis técnicos","cnae_M712"
"cnae_M72","M72","Investigación y desarrollo","cnae_M"
"cnae_M721","M721","Investigación y desarrollo experimental en ciencias naturales y técnicas","cnae_M72"
"cnae_M7211","M7211","Investigación y desarrollo experimental en biotecnología","cnae_M721"
"cnae_M7219","M7219","Otra investigación y desarrollo experimental en ciencias naturales y técnicas","cnae_M721"
"cnae_M722","M722","Investigación y desarrollo experimental en ciencias sociales y humanidades","cnae_M72"
"cnae_M7220","M7220","Investigación y desarrollo experimental en ciencias sociales y humanidades","cnae_M722"
"cnae_M73","M73","Publicidad y estudios de mercado","cnae_M"
"cnae_M731","M731","Publicidad","cnae_M73"
"cnae_M7311","M7311","Agencias de publicidad","cnae_M731"
"cnae_M7312","M7312","Servicios de representación de medios de comunicación","cnae_M731"
"cnae_M732","M732","Estudio de mercado y realización de encuestas de opinión pública","cnae_M73"
"cnae_M7320","M7320","Estudio de mercado y realización de encuestas de opinión pública","cnae_M732"
"cnae_M74","M74","Otras actividades profesionales, científicas y técnicas","cnae_M"
"cnae_M741","M741","Actividades de diseño especializado","cnae_M74"
"cnae_M7410","M7410","Actividades de diseño especializado","cnae_M741"
"cnae_M742","M742","Actividades de fotografía","cnae_M74"
"cnae_M7420","M7420","Actividades de fotografía","cnae_M742"
"cnae_M743","M743","Actividades de traducción e interpretación","cnae_M74"
"cnae_M7430","M7430","Actividades de traducción e interpretación","cnae_M743"
"cnae_M749","M749","Otras actividades profesionales, científicas y técnicas n.c.o.p.","cnae_M74"
"cnae_M7490","M7490","Otras actividades profesionales, científicas y técnicas n.c.o.p.","cnae_M749"
"cnae_M75","M75","Actividades veterinarias","cnae_M"
"cnae_M750","M750","Actividades veterinarias","cnae_M75"
"cnae_M7500","M7500","Actividades veterinarias","cnae_M750"
"cnae_N","N","Actividades administrativas y servicios auxliares",""
"cnae_N77","N77","Actividades de alquiler","cnae_N"
"cnae_N771","N771","Alquiler de vehículos de motor","cnae_N77"
"cnae_N7711","N7711","Alquiler de automóviles y vehículos de motor ligeros","cnae_N771"
"cnae_N7712","N7712","Alquiler de camiones","cnae_N771"
"cnae_N772","N772","Alquiler de efectos personales y artículos de uso doméstico","cnae_N77"
"cnae_N7721","N7721","Alquiler de artículos de ocio y deportivos","cnae_N772"
"cnae_N7722","N7722","Alquiler de cintas de vídeo y discos","cnae_N772"
"cnae_N7729","N7729","Alquiler de otros efectos personales y artículos de uso doméstico","cnae_N772"
"cnae_N773","N773","Alquiler de otra maquinaria, equipos y bienes tangibles","cnae_N77"
"cnae_N7731","N7731","Alquiler de maquinaria y equipo de uso agrícola","cnae_N773"
"cnae_N7732","N7732","Alquiler de maquinaria y equipo para la construcción e ingeniería civil","cnae_N773"
"cnae_N7733","N7733","Alquiler de maquinaria y equipo de oficina, incluidos ordenadores","cnae_N773"
"cnae_N7734","N7734","Alquiler de medios de navegación","cnae_N773"
"cnae_N7735","N7735","Alquiler de medios de transporte aéreo","cnae_N773"
"cnae_N7739","N7739","Alquiler de otra maquinaria, equipos y bienes tangibles n.c.o.p.","cnae_N773"
"cnae_N774","N774","Arrendamiento de la propiedad intelectual y productos similares, excepto trabajos protegidos por los derechos de autor","cnae_N77"
"cnae_N7740","N7740","Arrendamiento de la propiedad intelectual y productos similares, excepto trabajos protegidos por los derechos de autor","cnae_N774"
"cnae_N78","N78","Actividades relacionadas con el empleo","cnae_N"
"cnae_N781","N781","Actividades de las agencias de colocación","cnae_N78"
"cnae_N7810","N7810","Actividades de las agencias de colocación","cnae_N781"
"cnae_N782","N782","Actividades de las empresas de trabajo temporal","cnae_N78"
"cnae_N7820","N7820","Actividades de las empresas de trabajo temporal","cnae_N782"
"cnae_N783","N783","Otra provisión de recursos humanos","cnae_N78"
"cnae_N7830","N7830","Otra provisión de recursos humanos","cnae_N783"
"cnae_N79","N79","Actividades de agencias de viajes, operadores turísticos, servicios de reservas y actividades relacionadas con los mismos","cnae_N"
"cnae_N791","N791","Actividades de agencias de viajes y operadores turísticos","cnae_N79"
"cnae_N7911","N7911","Actividades de las agencias de viajes","cnae_N791"
"cnae_N7912","N7912","Actividades de los operadores turísticos","cnae_N791"
"cnae_N799","N799","Otros servicios de reservas y actividades relacionadas con los mismos","cnae_N79"
"cnae_N7990","N7990","Otros servicios de reservas y actividades relacionadas con los mismos","cnae_N799"
"cnae_N80","N80","Actividades de seguridad e investigación","cnae_N"
"cnae_N801","N801","Actividades de seguridad privada","cnae_N80"
"cnae_N8010","N8010","Actividades de seguridad privada","cnae_N801"
"cnae_N802","N802","Servicios de sistemas de seguridad","cnae_N80"
"cnae_N8020","N8020","Servicios de sistemas de seguridad","cnae_N802"
"cnae_N803","N803","Actividades de investigación","cnae_N80"
"cnae_N8030","N8030","Actividades de investigación","cnae_N803"
"cnae_N81","N81","Servicios a edificios y actividades de jardinería","cnae_N"
"cnae_N811","N811","Servicios integrales a edificios e instalaciones","cnae_N81"
"cnae_N8110","N8110","Servicios integrales a edificios e instalaciones","cnae_N811"
"cnae_N812","N812","Actividades de limpieza","cnae_N81"
"cnae_N8121","N8121","Limpieza general de edificios","cnae_N812"
"cnae_N8122","N8122","Otras actividades de limpieza industrial y de edificios","cnae_N812"
"cnae_N8129","N8129","Otras actividades de limpieza","cnae_N812"
"cnae_N813","N813","Actividades de jardinería","cnae_N81"
"cnae_N8130","N8130","Actividades de jardinería","cnae_N813"
"cnae_N82","N82","Actividades administrativas de oficina y otras actividades auxiliares a las empresas","cnae_N"
"cnae_N821","N821","Actividades administrativas y auxiliares de oficina","cnae_N82"
"cnae_N8211","N8211","Servicios administrativos combinados","cnae_N821"
"cnae_N8219","N8219","Actividades de fotocopiado, preparación de documentos y otras actividades especializadas de oficina","cnae_N821"
"cnae_N822","N822","Actividades de los centros de llamadas","cnae_N82"
"cnae_N8220","N8220","Actividades de los centros de llamadas","cnae_N822"
"cnae_N823","N823","Organización de convenciones y ferias de muestras","cnae_N82"
"cnae_N8230","N8230","Organización de convenciones y ferias de muestras","cnae_N823"
"cnae_N829","N829","Actividades de apoyo a las empresas n.c.o.p.","cnae_N82"
"cnae_N8291","N8291","Actividades de las agencias de cobros y de información comercial","cnae_N829"
"cnae_N8292","N8292","Actividades de envasado y empaquetado","cnae_N829"
"cnae_N8299","N8299","Otras actividades de apoyo a las empresas n.c.o.p.","cnae_N829"
"cnae_O","O","Administración Pública y defensa; Seguridad Social obligatoria",""
"cnae_O84","O84","Administración Pública y defensa; Seguridad Social obligatoria","cnae_O"
"cnae_O841","O841","Administración Pública y de la política económica y social","cnae_O84"
"cnae_O8411","O8411","Actividades generales de la Administración Pública","cnae_O841"
"cnae_O8412","O8412","Regulación de las actividades sanitarias, educativas y culturales y otros servicios sociales, excepto Seguridad Social","cnae_O841"
"cnae_O8413","O8413","Regulación de la actividad económica y contribución a su mayor eficiencia","cnae_O841"
"cnae_O842","O842","Prestación de servicios a la comunidad en general","cnae_O84"
"cnae_O8421","O8421","Asuntos exteriores","cnae_O842"
"cnae_O8422","O8422","Defensa","cnae_O842"
"cnae_O8423","O8423","Justicia","cnae_O842"
"cnae_O8424","O8424","Orden público y seguridad","cnae_O842"
"cnae_O8425","O8425","Protección civil","cnae_O842"
"cnae_O843","O843","Seguridad Social obligatoria","cnae_O84"
"cnae_O8430","O8430","Seguridad Social obligatoria","cnae_O843"
"cnae_P","P","Educación",""
"cnae_P85","P85","Educación","cnae_P"
"cnae_P851","P851","Educación preprimaria","cnae_P85"
"cnae_P8510","P8510","Educación preprimaria","cnae_P851"
"cnae_P852","P852","Educación primaria","cnae_P85"
"cnae_P8520","P8520","Educación primaria","cnae_P852"
"cnae_P853","P853","Educación secundaria","cnae_P85"
"cnae_P8531","P8531","Educación secundaria general","cnae_P853"
"cnae_P8532","P8532","Educación secundaria técnica y profesional","cnae_P853"
"cnae_P854","P854","Educación postsecundaria","cnae_P85"
"cnae_P8541","P8541","Educación postsecundaria no terciaria","cnae_P854"
"cnae_P8543","P8543","Educación universitaria","cnae_P854"
"cnae_P8544","P8544","Educación terciaria no universitaria","cnae_P854"
"cnae_P855","P855","Otra educación","cnae_P85"
"cnae_P8551","P8551","Educación deportiva y recreativa","cnae_P855"
"cnae_P8552","P8552","Educación cultural","cnae_P855"
"cnae_P8553","P8553","Actividades de las escuelas de conducción y pilotaje","cnae_P855"
"cnae_P8559","P8559","Otra educación n.c.o.p.","cnae_P855"
"cnae_P856","P856","Actividades auxiliares a la educación","cnae_P85"
"cnae_P8560","P8560","Actividades auxiliares a la educación","cnae_P856"
"cnae_Q","Q","Actividades sanitarias y de servicios sociales",""
"cnae_Q86","Q86","Actividades sanitarias","cnae_Q"
"cnae_Q861","Q861","Actividades hospitalarias","cnae_Q86"
"cnae_Q8610","Q8610","Actividades hospitalarias","cnae_Q861"
"cnae_Q862","Q862","Actividades médicas y odontológicas","cnae_Q86"
"cnae_Q8621","Q8621","Actividades de medicina general","cnae_Q862"
"cnae_Q8622","Q8622","Actividades de medicina especializada","cnae_Q862"
"cnae_Q8623","Q8623","Actividades odontológicas","cnae_Q862"
"cnae_Q869","Q869","Otras actividades sanitarias","cnae_Q86"
"cnae_Q8690","Q8690","Otras actividades sanitarias","cnae_Q869"
"cnae_Q87","Q87","Asistencia en establecimientos residenciales","cnae_Q"
"cnae_Q871","Q871","Asistencia en establecimientos residenciales con cuidados sanitarios","cnae_Q87"
"cnae_Q8710","Q8710","Asistencia en establecimientos residenciales con cuidados sanitarios","cnae_Q871"
"cnae_Q872","Q872","Asistencia en establecimientos residenciales para personas con discapacidad intelectual, enfermedad mental y drogodependencia","cnae_Q87"
"cnae_Q8720","Q8720","Asistencia en establecimientos residenciales para personas con discapacidad intelectual, enfermedad mental y drogodependencia","cnae_Q872"
"cnae_Q873","Q873","Asistencia en establecimientos residenciales para personas mayores y con discapacidad física","cnae_Q87"
"cnae_Q8731","Q8731","Asistencia en establecimientos residenciales para personas mayores","cnae_Q873"
"cnae_Q8732","Q8732","Asistencia en establecimientos residenciales para personas con discapacidad física","cnae_Q873"
"cnae_Q879","Q879","Otras actividades de asistencia en establecimientos residenciales","cnae_Q87"
"cnae_Q8790","Q8790","Otras actividades de asistencia en establecimientos residenciales","cnae_Q879"
"cnae_Q88","Q88","Actividades de servicios sociales sin alojamiento","cnae_Q"
"cnae_Q881","Q881","Actividades de servicios sociales sin alojamiento para personas mayores y con discapacidad","cnae_Q88"
"cnae_Q8811","Q8811","Actividades de servicios sociales sin alojamiento para personas mayores","cnae_Q881"
"cnae_Q8812","Q8812","Actividades de servicios sociales sin alojamiento para personas con discapacidad","cnae_Q881"
"cnae_Q889","Q889","Otros actividades de servicios sociales sin alojamiento","cnae_Q88"
"cnae_Q8891","Q8891","Actividades de cuidado diurno de niños","cnae_Q889"
"cnae_Q8899","Q8899","Otros actividades de servicios sociales sin alojamiento n.c.o.p.","cnae_Q889"
"cnae_R","R","Actividades artísticas, recreativas y de entrenimiento",""
"cnae_R90","R90","Actividades de creación, artísticas y espectáculos","cnae_R"
"cnae_R900","R900","Actividades de creación, artísticas y espectáculos","cnae_R90"
"cnae_R9001","R9001","Artes escénicas","cnae_R900"
"cnae_R9002","R9002","Actividades auxiliares a las artes escénicas","cnae_R900"
"cnae_R9003","R9003","Creación artística y literaria","cnae_R900"
"cnae_R9004","R9004","Gestión de salas de espectáculos","cnae_R900"
"cnae_R91","R91","Actividades de bibliotecas, archivos, museos y otras actividades culturales","cnae_R"
"cnae_R910","R910","Actividades de bibliotecas, archivos, museos y otras actividades culturales","cnae_R91"
"cnae_R9102","R9102","Actividades de museos","cnae_R910"
"cnae_R9103","R9103","Gestión de lugares y edificios históricos","cnae_R910"
"cnae_R9104","R9104","Actividades de los jardines botánicos, parques zoológicos y reservas naturales","cnae_R910"
"cnae_R9105","R9105","Actividades de bibliotecas","cnae_R910"
"cnae_R9106","R9106","Actividades de archivos","cnae_R910"
"cnae_R92","R92","Actividades de juegos de azar y apuestas","cnae_R"
"cnae_R920","R920","Actividades de juegos de azar y apuestas","cnae_R92"
"cnae_R9200","R9200","Actividades de juegos de azar y apuestas","cnae_R920"
"cnae_R93","R93","Actividades deportivas, recreativas y de entretenimiento","cnae_R"
"cnae_R931","R931","Actividades deportivas","cnae_R93"
"cnae_R9311","R9311","Gestión de instalaciones deportivas","cnae_R931"
"cnae_R9312","R9312","Actividades de los clubes deportivos","cnae_R931"
"cnae_R9313","R9313","Actividades de los gimnasios","cnae_R931"
"cnae_R9319","R9319","Otras actividades deportivas","cnae_R931"
"cnae_R932","R932","Actividades recreativas y de entretenimiento","cnae_R93"
"cnae_R9321","R9321","Actividades de los parques de atracciones y los parques temáticos","cnae_R932"
"cnae_R9329","R9329","Otras actividades recreativas y de entretenimiento","cnae_R932"
"cnae_S","S","Otros servicios",""
"cnae_S94","S94","Actividades asociativas","cnae_S"
"cnae_S941","S941","Actividades de organizaciones empresariales, profesionales y patronales","cnae_S94"
"cnae_S9411","S9411","Actividades de organizaciones empresariales y patronales","cnae_S941"
"cnae_S9412","S9412","Actividades de organizaciones profesionales","cnae_S941"
"cnae_S942","S942","Actividades sindicales","cnae_S94"
"cnae_S9420","S9420","Actividades sindicales","cnae_S942"
"cnae_S949","S949","Otras actividades asociativas","cnae_S94"
"cnae_S9491","S9491","Actividades de organizaciones religiosas","cnae_S949"
"cnae_S9492","S9492","Actividades de organizaciones políticas","cnae_S949"
"cnae_S9499","S9499","Otras actividades asociativas n.c.o.p.","cnae_S949"
"cnae_S95","S95","Reparación de ordenadores, efectos personales y artículos de uso doméstico","cnae_S"
"cnae_S951","S951","Reparación de ordenadores y equipos de comunicación","cnae_S95"
"cnae_S9511","S9511","Reparación de ordenadores y equipos periféricos","cnae_S951"
"cnae_S9512","S9512","Reparación de equipos de comunicación","cnae_S951"
"cnae_S952","S952","Reparación de efectos personales y artículos de uso doméstico","cnae_S95"
"cnae_S9521","S9521","Reparación de aparatos electrónicos de audio y vídeo de uso doméstico","cnae_S952"
"cnae_S9522","S9522","Reparación de aparatos electrodomésticos y de equipos para el hogar y el jardín","cnae_S952"
"cnae_S9523","S9523","Reparación de calzado y artículos de cuero","cnae_S952"
"cnae_S9524","S9524","Reparación de muebles y artículos de menaje","cnae_S952"
"cnae_S9525","S9525","Reparación de relojes y joyería","cnae_S952"
"cnae_S9529","S9529","Reparación de otros efectos personales y artículos de uso doméstico","cnae_S952"
"cnae_S96","S96","Otros servicios personales","cnae_S"
"cnae_S960","S960","Otros servicios personales","cnae_S96"
"cnae_S9601","S9601","Lavado y limpieza de prendas textiles y de piel","cnae_S960"
"cnae_S9602","S9602","Peluquería y otros tratamientos de belleza","cnae_S960"
"cnae_S9603","S9603","Pompas fúnebres y actividades relacionadas","cnae_S960"
"cnae_S9604","S9604","Actividades de mantenimiento físico","cnae_S960"
"cnae_S9609","S9609","Otras servicios personales n.c.o.p.","cnae_S960"
"cnae_T","T","Actividades de los hogares como empleadores de personal doméstico; actividades de los hogares como productores de bienes y servicios para uso propio",""
"cnae_T97","T97","Actividades de los hogares como empleadores de personal doméstico","cnae_T"
"cnae_T970","T970","Actividades de los hogares como empleadores de personal doméstico","cnae_T97"
"cnae_T9700","T9700","Actividades de los hogares como empleadores de personal doméstico","cnae_T970"
"cnae_T98","T98","Actividades de los hogares como productores de bienes y servicios para uso propio","cnae_T"
"cnae_T981","T981","Actividades de los hogares como productores de bienes para uso propio","cnae_T98"
"cnae_T9810","T9810","Actividades de los hogares como productores de bienes para uso propio","cnae_T981"
"cnae_T982","T982","Actividades de los hogares como productores de servicios para uso propio","cnae_T98"
"cnae_T9820","T9820","Actividades de los hogares como productores de servicios para uso propio","cnae_T982"
"cnae_U","U","Actividades de organizaciones y organismos extraterritoriales",""
"cnae_U99","U99","Actividades de organizaciones y organismos extraterritoriales","cnae_U"
"cnae_U990","U990","Actividades de organizaciones y organismos extraterritoriales","cnae_U99"
"cnae_U9900","U9900","Actividades de organizaciones y organismos extraterritoriales","cnae_U990"
