"id","code","description"
"terror_908","CBC4001","No se ha comunicado la copia b�sica para este contrato"
"terror_909","CBC6001","Copia b�sica del contrato realizada correctamente."
"terror_1000","CBT4001","No se ha comunicado la copia b�sica para esta transformaci�n"
"terror_1001","CBT6001","Copia b�sica de la transformaci�n realizada correctamente."
"terror_1002","CCT0001","Trabajador menor de 16 a�os. No se acepta la comunicaci�n."
"terror_1003","CCT0002","Nivel  Formativo no v�lido. No se acepta la comunicaci�n."
"terror_1004","CCT0003","La longitud del N�mero de Afiliaci�n (NASS) no es correcta. No se acepta la comunicaci�n."
"terror_1005","CCT0004","El r�gimen de la Cuenta de Cotizaci�n no es correcto."
"terror_1006","CCT0005","La provincia de la Cuenta de Cotizaci�n no es correcta."
"terror_1007","CCT0006","Error en el d�gito de control de la Cuenta de Cotizaci�n."
"terror_1008","CCT0007","Valor incorrecto en el n�mero de la Cuenta de Cotizaci�n."
"terror_1009","CCT0008","Las iniciales del nombre y primer apellido no existen en la tabla. No se acepta la comunicaci�n."
"terror_1010","CCT0009","El identificador de persona f�sica no es correcto."
"terror_1011","CCT0010","El c�digo de contrato no es correcto. No se acepta la comunicaci�n."
"terror_1012","CCT0011","Obligatorio seleccionar un tipo de contrato. No se acepta la comunicaci�n."
"terror_1013","CCT0012","Obligatorio rellenar la fecha de inicio del contrato. No se acepta la comunicaci�n."
"terror_1014","CCT0013","La provincia del N�mero de Afiliaci�n no es correcta. No se acepta la comunicaci�n."
"terror_1015","CCT0014","Obligatorio seleccionar la ocupaci�n. No se acepta la comunicaci�n."
"terror_1016","CCT0015","Obligatorio seleccionar la nacionalidad del puesto de trabajo. No se acepta la comunicaci�n."
"terror_1017","CCT0016","Obligatorio seleccionar el municipio del puesto de trabajo. No se acepta la comunicaci�n."
"terror_1018","CCT0017","No est� permitido rellenar el municipio del trabajo cuando la nacionalidad no es Espa�a. No se acepta la comunicaci�n."
"terror_1019","CCT0018","No se admite la nacionalidad Espa�ola. No se acepta la comunicaci�n."
"terror_1020","CCT0019","Campo municipio de residencia sin cumplimentar. No se acepta la comunicaci�n."
"terror_1021","CCT0020","La fecha de comunicaci�n es mayor que la de proceso en el servidor. No se acepta la comunicaci�n."
"terror_1022","CCT0021","La fecha de comunicaci�n  es anterior a la fecha m�nima de comunicaci�n permitida para este tipo de contrato. No se acepta la comunicaci�n."
"terror_1023","CCT0022","El formato de la fecha comunicaci�n es incorrecto. No se acepta la comunicaci�n."
"terror_1024","CCT0023","El formato de la fecha de inicio no es correcto. No se acepta la comunicaci�n."
"terror_1025","CCT0024","El formato de la fecha de t�rmino no es correcto. No se acepta la comunicaci�n."
"terror_1026","CCT0025","El formato de la fecha de nacimiento no es correcto. No se acepta la comunicaci�n."
"terror_1027","CCT0026","La fecha de inicio no puede superar en tres meses a la de comunicaci�n. No se acepta la comunicaci�n."
"terror_1028","CCT0027","La fecha de t�rmino del contrato no puede ser anterior a la fecha de inicio. No se acepta la comunicaci�n."
"terror_1029","CCT0028","La fecha de t�rmino del contrato no puede superar en diez a�os a la fecha de inicio. No se acepta la comunicaci�n."
"terror_1030","CCT0029","La fecha de t�rmino del contrato debe ser mayor o igual a la fecha de comunicaci�n. No se acepta la comunicaci�n."
"terror_1031","CCT0030","En un contrato inferior a 10 d�as, la fecha de comunicaci�n no puede exceder en diez d�as a la fecha de inicio. No se acepta la comunicaci�n."
"terror_1032","CCT0031","Indicador de Copia B�sica : dato obligatorio. No se acepta la comunicaci�n."
"terror_1033","CCT0032","Tipo de Firma de Copia B�sica: dato obligatorio cuando el contrato tiene copia b�sica. No se acepta la comunicaci�n."
"terror_1034","CCT0033","Error en el d�gito de control del Cif de la empresa. No se acepta la comunicaci�n."
"terror_1035","CCT0034","El c�digo de la Escuela Taller no es correcto. No se acepta la comunicaci�n."
"terror_1036","CCT0035","La nacionalidad del Centro de Trabajo no es correcta. No se acepta la comunicaci�n."
"terror_1037","CCT0036","Municipio del Centro de Trabajo: obligatorio cuando la nacionalidad es espa�ola. No se acepta la comunicaci�n."
"terror_1038","CCT0037","El Municipio de Residencia no existe en las tablas. No se acepta la comunicaci�n."
"terror_1039","CCT0038","El c�digo de la nacionalidad no es correcto. No se acepta la comunicaci�n."
"terror_1040","CCT0039","El valor de la fecha de inicio es anterior a la fecha m�nima de inicio permitida para este tipo de contrato. No se acepta la comunicaci�n."
"terror_1041","CCT0040","El programa de empleo no es correcto. No se acepta la comunicaci�n."
"terror_1042","CCT0042","Indicador trabajador contratado: obligatorio si se rellena el Empleador. No se acepta la comunicaci�n."
"terror_1043","CCT0043","El formato del identificador de la oferta debe ser num�rico. No se acepta la comunicaci�n."
"terror_1044","CCT0044","Identificador de Empleador de Investigaci�n err�neo. No se acepta la comunicaci�n."
"terror_1045","CCT0045","Identificador de Trabajador de Investigacion err�neo. No se acepta la comunicaci�n."
"terror_1046","CCT0046","Indicador de Contrato de Plantilla, s�lo admite los valores `S` � `N`. No se acepta la comunicaci�n."
"terror_1047","CCT0047","Campo Sexo es obligatorio. No se acepta la comunicaci�n."
"terror_1048","CCT0048","C�digo de ocupaci�n no existe en las tablas. No se acepta la comunicaci�n."
"terror_1049","CCT0049","C�digo de sexo err�neo. No se acepta la comunicaci�n."
"terror_1050","CCT0050","C�digo de Escuela Taller no existe en las tablas. No se acepta la comunicaci�n."
"terror_1051","CCT0051","C�digo de discapacidad no  existe en las tablas. No se acepta la comunicaci�n."
"terror_1052","CCT0052","C�digo de Firma de Copia B�sica no existe en las tablas. No se acepta la comunicaci�n."
"terror_1053","CCT0054","El campo Identificador de la Oferta  no es v�lido. No se acepta la comunicaci�n."
"terror_1054","CCT0055","El Municipio del Centro de trabajo no existe en las tablas. No se acepta la comunicaci�n."
"terror_1055","CCT0056","El c�digo de Corporacion Local no existe en las tablas. No se acepta la comunicaci�n."
"terror_1056","CCT0057","El c�digo del Programa de Corporaci�n Local, no existe en las tablas. No se acepta la comunicaci�n."
"terror_1057","CCT0058","La discapacidad seleccionada no es v�lida para este tipo de contrato. No se acepta la comunicaci�n."
"terror_1058","CCT0059","El campo Ejercicio Presupuestario tiene que ser num�rico. No se acepta la comunicaci�n."
"terror_1059","CCT0060","El campo Actuaci�n debe ser num�rico. No se acepta la comunicaci�n."
"terror_1060","CCT0061","Los datos de Copia B�sica son obligatorios para este tipo de contrato. No se acepta la comunicaci�n."
"terror_1061","CCT0062","Cif/Nif y Raz�n Social de la Empresa Usuaria s�lo se rellenan cuando el contrato no es de plantilla. No se acepta la comunicaci�n."
"terror_1062","CCT0063","La longitud de la cuenta de cotizaci�n no es correcta."
"terror_1063","CCT0064","La longitud del campo fecha de nacimiento no es correcta. No se acepta la comunicaci�n."
"terror_1064","CCT0065","La longitud del campo fecha de inicio no es correcta."
"terror_1065","CCT0066","La longitud la fecha t�rmino no es correcta."
"terror_1066","CCT0067","Error en el d�gito de control del Cif de la empresa usuaria. No se acepta la comunicaci�n."
"terror_1067","CCT0068","El car�cter de control para el Nif de la empresa usuaria no es correcto. No se acepta la comunicaci�n."
"terror_1068","CCT0069","El Tipo de documento identificativo de la empresa usuaria es err�neo. No se acepta la comunicaci�n."
"terror_1069","CCT0070","El car�cter de control para el Nif/Nie del trabajador no es correcto. No se acepta la comunicaci�n."
"terror_1070","CCT0071","El tipo de documento identificativo del trabajador es err�neo. No se acepta la comunicaci�n."
"terror_1071","CCT0072","Municipio del centro de trabajo sin cumplimentar. No se acepta la comunicaci�n."
"terror_1072","CCT0073","Cif / Nif  de la empresa usuaria sin cumplimentar. No se acepta la comunicaci�n."
"terror_1073","CCT0074","La Gestor�a no est� autorizada para hacer comunicaciones de la contrataci�n para la empresa con el CIF/NIF especificado. No se acepta la comunicaci�n."
"terror_1074","CCT0075","La empresa no puede hacer comunicaciones de la contrataci�n para otra empresa. No se acepta la comunicaci�n."
"terror_1075","CCT0076","Raz�n Social de la empresa usuaria sin cumplimentar. No se acepta la comunicaci�n."
"terror_1076","CCT0077","CIF/NIF de la empresa sin cumplimentar."
"terror_1077","CCT0078","La longitud del campo CIF /NIF de la empresa no es correcta."
"terror_1078","CCT0079","N�mero de documento identificativo del trabajador sin cumplimentar."
"terror_1079","CCT0080","La longitud del N�mero de documento identificativo del trabajador no es correcta."
"terror_1080","CCT0081","El campo Nombre debe ser texto. No se acepta la comunicaci�n."
"terror_1081","CCT0082","El campo Apellido1 debe ser texto. No se acepta la comunicaci�n."
"terror_1082","CCT0083","El campo Apellido2 debe ser texto. No se acepta la comunicaci�n."
"terror_1083","CCT0084","No se permite seleccionar Programas de Empleo si la nacionalidad del centro de trabajo no es Espa�a. No se acepta la comunicaci�n."
"terror_1084","CCT0085","C�digo del Programa de Empleo: dato obligatorio. No se acepta la comunicaci�n."
"terror_1085","CCT0086","Corporaci�n Local: dato obligatorio. No se acepta la comunicaci�n."
"terror_1086","CCT0087","Programa: dato obligatorio. No se acepta la comunicaci�n."
"terror_1087","CCT0088","Actuaci�n: dato obligatorio. No se acepta la comunicaci�n."
"terror_1088","CCT0089","Ejercicio Presupuestario: dato obligatorio. No se acepta la comunicaci�n."
"terror_1089","CCT0090","Empleador que contrata: dato obligatorio. No se acepta la comunicaci�n."
"terror_1090","CCT0091","La Cuenta de Cotizaci�n tiene que ser num�rica. No se acepta la comunicaci�n."
"terror_1091","CCT0092","El c�digo del Municipio del Domicilio tiene que ser num�rico. No se acepta la comunicaci�n."
"terror_1092","CCT0093","El c�digo del Municipio del Centro de Trabajo tiene que ser num�rico. No se acepta la comunicaci�n."
"terror_1093","CCT0094","El N�mero de Afiliaci�n SS tiene que ser num�rico. No se acepta la comunicaci�n."
"terror_1094","CCT0095","El Identificador de la Oferta de Trabajo tiene que ser num�rico. No se acepta la comunicaci�n."
"terror_1095","CCT0096","El valor del Ejercicio Presupuestario no es v�lido. No se acepta la comunicaci�n."
"terror_1096","CCT0097","El valor de la Actuaci�n no es v�lido. No se acepta la comunicaci�n."
"terror_1097","CCT0098","El tipo de contrato especificado no puede acogerse a ning�n programa de empleo."
"terror_1098","CCT0099","No pueden rellenarse los datos relacionados con Contrato de Investigaci�n para este tipo de contrato."
"terror_1099","CCT0100","No pueden rellenarse los datos relacionados con el Programa de Empleo para este tipo de contrato."
"terror_1100","CCT0101","No se puede especificar c�digo de ET/CO/TE para este tipo de contrato."
"terror_1101","CCT0102","No puede rellenarse la fecha fin para este tipo de contrato."
"terror_1102","CCT0103","El CIF de la empresa es incorrecto."
"terror_1103","CCT0104","El CIF de la empresa usuaria es incorrecto."
"terror_1104","CCT0105","El NIF de la empresa es incorrecto."
"terror_1105","CCT0106","El NIF de la empresa usuaria es incorrecto."
"terror_1106","CCT0107","El NIF/NIE del trabajador es incorrecto."
"terror_1107","CCT0108","El CIF/NIF de la empresa usuaria est� sin cumplimentar."
"terror_1108","CCT0109","La longitud del campo CIF/NIF de la empresa usuaria es incorrecta."
"terror_1109","CCT0110","Los campos ejercicio presupuestario, corporaci�n local y actuacion, solo se rellenan cuando el programa de empleo es: Convenios INEM con Corporacione"
"terror_1110","CCT0111","Es obligatorio especificar el municipio de domicilio cuando el pa�s de domicilio es Espa�a."
"terror_1111","CCT0112","El pa�s de domicilio no existe en las tablas."
"terror_1112","CCT0113","No se puede especificar el municipio de domicilio siendo el pa�s de domicilio distinto de Espa�a."
"terror_1113","CCT0114","El contrato especificado para esa Fecha de Inicio y causa objeto interinidad, no puede ser de ETT - Puesta a disposicion"
"terror_1114","CCT0115","La causa Objeto de la Interinidad es obligatoria para este tipo de contrato."
"terror_1115","CCT0116","El c�digo Objeto de la Interinidad no se encuentra en las tablas. No se acepta la comunicaci�n."
"terror_1116","CCT0117","Los datos tipo de Jornada y duraci�n de Jornada son obligatorios para este c�digo de contrato."
"terror_1117","CCT0118","El c�digo de tipo de Jornada no existe en las tablas. No se acepta la comunicaci�n."
"terror_1118","CCT0119","La duraci�n de la jornada es superior al m�ximo de horas permitidas para el tipo de jornada indicada."
"terror_1119","CCT0120","Para este codigo de contrato es necesario indicar un porcentaje de jubilacion. No se acepta la comunicacion."
"terror_1120","CCT0121","El ejercicio presupuestario debe ser el a�o de mecanizaci�n o anterior. No se acepta la comunicaci�n."
"terror_1121","CCT0122","Si el contrato se acoge a Fomento del Empleo, debe seleccionar un colectivo de Fomento de la Contrataci�n Indefinida. No se acepta la comunicaci�n"
"terror_1122","CCT0123","Para el colectivo de Fomento de la Contraci�n especificado, el contrato debe estar marcado como discapacitado.No se acepta la comunicaci�n."
"terror_1123","CCT0124","El c�digo de Fomento de Contrataci�n especificado no es v�lido para este c�digo de contrato.No se acepta la comunicaci�n."
"terror_1124","CCT0125","El tipo de trabajador de relevo no existe en las tablas.No se acepta la comunicaci�n."
"terror_1125","CCT0126","Debe seleccionar un tipo de trabajador derelevo.No se acepta la comunicaci�n."
"terror_1126","CCT0127","Debe indicar el nombre del trabajador que accede a la situaci�n de Jubilaci�n Parcial.No se acepta la comunicaci�n."
"terror_1127","CCT0128","Debe indicar el primer apellido del trabajador que accede a la situaci�n de Jubilaci�n Parcial.No se acepta la comunicaci�n."
"terror_1128","CCT0129","Debe indicar el segundo apellido del trabajador que accede a la situaci�n de Jubilaci�n Parcial.No se acepta la comunicaci�n."
"terror_1129","CCT0130","Las horas de Convenio deben ser superiores a las horas de Jornada. No se acepta la comunicaci�n."
"terror_1130","CCT0131","Las horas de Convenio deben ser inferiores al m�ximo establecido para el periodo de tiempo seleccionado. No se acepta la comunicaci�n."
"terror_1131","CCT0132","El campo Sexo es incompatible con el Colectivo de Fomento de Contra. Indefinida. No se acepta la comunicaci�n."
"terror_1132","CCT0133","Debe seleccionar un colectivo de bonificaci�n.No se acepta la comunicaci�n."
"terror_1133","CCT0134","El campo Sexo es incompatible con el colectivo de bonificaci�n seleccionado.No se acepta la comunicaci�n."
"terror_1134","CCT0135","Si el contrato es de Centro Esp. Empleo, no se admite ning�n colectivo de Bonificaci�n.No se acepta la comunicaci�n."
"terror_1135","CCT0136","Si el contrato es de Centro Esp. Empleo y se acoge a Fomento del Empleo no es necesario el colectivo de fomento. No se acepta la comunicaci�n."
"terror_1136","CCT0137","La Fecha de Inicio debe ser igual o superior en 1 d�a a la fecha de t�rmino del contrato o de la �ltima prorroga.No se acepta la comunicaci�n."
"terror_1137","CCT0138","Debe indicar el campo discontinuidad.No se acepta la comunicaci�n."
"terror_1138","CCT0139","La Fecha de t�rmino no puede ser inugal a la fecha de inicio.No se acepta la comunicaci�n."
"terror_1139","CCT0140","Para este c�digo de contrato no debe seleccionar las horas de formaci�n.No se acepta la comunicaci�n."
"terror_1140","CCT0141","Las horas de formaci�n han de ser menores que las horas de jornada del contrato.No se acepta la comunicaci�n."
"terror_1141","CCT0142","No Debe indicar el campo discontinuidad.No se acepta la comunicaci�n."
"terror_1142","CCT0143","Debe seleccionar el campo convenio colectivo.No se acepta la comunicaci�n."
"terror_1143","CCT0144","Segundo Apellido, es dato obligatorio.No se acepta la comunicaci�n"
"terror_1144","CCT0145","Compruebe n�mero de horas en relaci�n con el Tipo de Jornada"
"terror_1145","CCT0146","Debe indicar si es Empleador Aut�nomo."
"terror_1146","CCT0147","S�lo puede seleccionar Discapacitado cuando el c�digo de contrataci�n indefinida sea Minusv�lido.No se acepta la comunicaci�n."
"terror_1147","CCT0148","Debe seleccionar el indicador de Discapacitado.No se acepta la comunicaci�n."
"terror_1148","CCT0149","Debe seleccionar C�digo de Escuela Taller.No se acepta la comunicaci�n."
"terror_1149","CCT0150","Ocupaci�n incorrecta para este c�digo de contrato."
"terror_1150","CCT0151","Para este c�digo de contrato, no se admite ning�n tipo de colectivo de bonificaci�n.No se acepta la comunicaci�n."
"terror_1151","CCT0152","Las horas de formaci�n s�lo se indican cuando no se seleccione Formaci�n Te�rica recibida.No se acepta la comunicaci�n."
"terror_1152","CCT0153","Las horas de Formaci�n no pueden ser superiores a las horas de Jornada.No se acepta la comunicaci�n."
"terror_1153","CCT0154","Debe seleccionar horas de Formaci�n o Formaci�n te�rica recibida."
"terror_1154","CCT0155","Colectivo de Formaci�n s�lo se indica cuando el trabajador es mayor de 21 a�os."
"terror_1155","CCT0156","El codigo seleccionado de titulaci�n acad�mica no se encuentra en las tablas."
"terror_1156","CCT0157","Fecha de termino obligatoria para este codigo de contrato. No se acepta la comunicacion."
"terror_1157","CCT0158","No se admite trabajador de investigaci�n para este tipo de contrato. No se acepta la comunicaci�n."
"terror_1158","CCT0159","El colectivo de bonificaci�n especificado no existe en las tablas. No se acepta la comunicaci�n."
"terror_1159","CCT0160","Si el contrato es de Centros Especiales de Empleo, no se admite el colectivo de Formaci�n. No se acepta la comunicaci�n."
"terror_1160","CCT0161","La opci�n de mayores de 52 a�os no es compatible con los Centros Especiales de Empleo. No se acepta la comunicaci�n."
"terror_1","CCT4069","Existe m�s de un contrato para los datos especificados. Debe indicar el identificador del contrato"
"terror_2","CCT4070","Debe rellenar el criterio de b�squeda del contrato inicial (Identificador del contrato � Empresa+Trabajador+Fecha de Inicio)"
"terror_3","CCT4071","S�lo debe rellenar un criterio de b�squeda del contrato inicial (Identificador del contrato � Empresa+Trabajador+Fecha de Inicio)"
"terror_4","CCT4072","El contrato especificado no existe. No se aceptan los trabajadores de grupo."
"terror_5","CCT4073","El contrato especificado no pertenece al trabajador que act�a de representante. No se aceptan los trabajadores del grupo."
"terror_6","CCT4074","El contrato especificado no es del tipoOtros Contratos(c�digo 990). No se aceptan los trabajadores del grupo."
"terror_7","CCT4075","No se acepta el trabajador por estar asignado previamente a este contrato de grupo."
"terror_8","CCT4076","Los trabajadores no se han asignado al contrato de grupo debido a errores detectados."
"terror_9","CCT4077","No se acepta el trabajador porque el contrato de grupo ya tiene asignados el m�ximo de trabajadores (80)."
"terror_10","CCT4078","El contrato no tiene trabajadores de grupo"
"terror_11","CCT4079","Error al dar de alta la comunicaci�n, por favor comun�quelo en el buz�n de incidencias. No se acepta la comunicaci�n."
"terror_12","CCT4080","Este contrato no admite correcciones."
"terror_13","CCT4081","No se admiten correcciones referentes a datos de Empresas de Trabajo Temporal"
"terror_14","CCT4082","Este contrato no admite correcciones por estar transformado a indefinido"
"terror_15","CCT4083","Este contrato no admite correcciones por tener un comunicado de acuerdo"
"terror_16","CCT4084","El contrato solicitado no existe."
"terror_17","CCT4085","Se encontraron m�s de 70 correcciones en el per�odo solicitado."
"terror_18","CCT4086","No se ha efectuado ninguna correcci�n al contrato en el per�odo solicitado"
"terror_19","CCT4087","La empresa no existe en la B.D. del SPEE"
"terror_20","CCT4088","La empresa no tiene comunicaciones a trav�s de Contrat@ en el periodo especificado"
"terror_21","CCT4089","No se ha efectuado ninguna correcci�n al contrato"
"terror_22","CCT4090","El contrato no puede corregirse transcurridos 30 d�as naturales desde su inicio. Pasado este plazo solo se permite corregir los datos del trabajador desde `Correcci�n de datos del trabajador`"
"terror_23","CCT4091","El contrato fue comunicado en el Servicio P�blico de Empleo.Puede incluirlo en Contrat@ desde la opci�n de men� `Incluir contrato de Oficina de Empleo`"
"terror_24","CCT4092","El contrato fue comunicado en el Servicio P�blico de Empleo. Para poder incluirlo en Contrat@, el trabajador debe acudir al SPE porque su n�mero de documento tiene duplicados."
"terror_25","CCT4093","El contrato no se registr� en el Servicio P�blico de Empleo"
"terror_26","CCT4094","El contrato ya est� incluido en Contrat@"
"terror_27","CCT4095","El contrato no pertenece a este trabajador. No se acepta la comunicaci�n"
"terror_28","CCT4096","No existen datos para el Identificador de Persona F�sica solicitado, debe darlo de alta a trav�s de Entidades Comunes."
"terror_29","CCT4097","El contrato tiene pr�rrogas. No se puede efectuar esta correcci�n."
"terror_30","CCT4098","Se encontraron m�s de 500 comunicaciones para la consulta solicitada. Acote la b�squeda."
"terror_31","CCT4099","Contrato de Escuela Taller, Casa de Oficio o Taller de Empleo no admite bonificaci�n"
"terror_32","CCT4100","Trabajador con m�s de 300 contratos. No se permite la consulta en l�nea"
"terror_33","CCT4101","Superado el tiempo l�mite de proceso. No se permite la consulta en l�nea"
"terror_34","CCT4102","Perfil sin acceso a datos confidenciales"
"terror_35","CCT4103","Error. Esta operaci�n debe realizarse en la Oficina de Empleo"
"terror_36","CCT4104","Empresa con m�s de 272 contratos para los par�metros solicitados. No se permite la consulta en l�nea"
"terror_37","CCT4105","El usuario no est� autorizado para realizar esta operaci�n"
"terror_38","CCT4106","El contrato no admite indicador de Regularizaci�n conforme al Real Decreto-ley 5/2011"
"terror_39","CCT4107","Indicador de Regularizaci�n conforme al Real Decreto-ley 5/2011 err�neo"
"terror_40","CCT4108","Existe un contrato para la misma empresa, el mismo trabajador y con la misma fecha de inicio. Debe CONFIRMAR que desea comunicar este segundo contrato."
"terror_41","CCT4109","El contrato no pertenece a su Comunidad Aut�noma. No se permite la anulaci�n."
"terror_42","CCT4110","El contrato tiene un Comunicado de Acuerdo. No se permite la anulaci�n."
"terror_43","CCT4111","El contrato no admite correcciones ni anulaci�n."
"terror_44","CCT4112","No existe ninguna oferta para el empleador"
"terror_45","CCT4113","Contrato procedente de la Tesorer�a General de la Seguridad Social. No se admiten modificaciones, pr�rrogas ni conversi�n en indefinido"
"terror_46","CCT4114","Se encontraron m�s de 210 contratos para la b�squeda solicitada. Acote la b�squeda."
"terror_47","CCT4115","Contrato de la Ley 11/2013 incompatible con discapacitados en CEE"
"terror_48","CCT4116","Contrato de la Ley 11/2013 incompatible con Programas de Empleo"
"terror_49","CCT4117","Contrato de la Ley 11/2013 incompatible con Escuelas Taller"
"terror_50","CCT4118","Contrato de la Ley 11/2013 incompatible con Emprendedores"
"terror_51","CCT4119","La fecha de t�rmino real s�lo puede introducirse para los contratos formativos"
"terror_52","CCT4120","Programa de Activaci�n para el Empleo incompatible con Programas de Empleo. No se acepta la comunicaci�n."
"terror_53","CCT4121","Programa de Activaci�n para el Empleo incompatible con Enclaves Laborales. No se acepta la comunicaci�n."
"terror_54","CCT4122","Programa de Activaci�n para el Empleo incompatible con Mayores de 52 a�os beneficiarios de subsidios. No se acepta la comunicaci�n."
"terror_55","CCT4123","Programa de Activaci�n para el Empleo incompatible con bonificaci�n o reducci�n por ser procedente de un contrato de ETT. No se acepta la comunicaci�n."
"terror_56","CCT4124","Programa de Activaci�n para el Empleo incompatible con bonificaci�n por Relaciones Laborales Especiales. No se acepta la comunicaci�n."
"terror_57","CCT5005","Trabajador no inscrito en la Oficina de Empleo."
"terror_58","CCT5006","Trabajador inscrito en la O. E. con posterioridad a la Fecha de Inicio del Contrato."
"terror_59","CCT5007","Trabajador inscrito en la Oficina de Empleo con edad erronea."
"terror_60","CCT5009","Antig�edad en la Oficina de Empleo inferior a un a�o."
"terror_61","CCT5017","N�mero de trabajadores del empleador err�neo."
"terror_62","CCT5018","Trabajador no perceptor de subsidio agrario."
"terror_63","CCT5022","Inscripci�n en la Oficina de Empleo inferior a un a�o."
"terror_64","CCT5025","No existe contrato para el trabajador sustituido."
"terror_65","CCT5034","Contrato de formaci�n sin centro docente acreditado."
"terror_66","CCT5035","Contrato de formaci�n con centro docente acreditado err�neo."
"terror_67","CCT5037","Desempleado sin renta activa de inserci�n."
"terror_68","CCT5038","Inscripci�n en la Oficina de Empleo inferior a seis meses."
"terror_69","CCT5039","Resta menos de un a�o de percepci�n de prestaciones."
"terror_70","CCT5040","IDEntificaci�n incorrecta de la Empresa Usuaria de contratos de ETT."
"terror_71","CCT5044","Trabajador sin prestaci�n (contributiva, REASS o subsidio)"
"terror_72","CCT5045","Trabajador no beneficiario de subsidios por desempleo"
"terror_73","CCT5046","Trabajador no perceptor de Renta Agraria"
"terror_74","CCT5047","Trabajador no perceptor de prestaciones durante m�s de un a�o"
"terror_75","CCT5048","Trabajador en Enclave Laboral sin contrato anterior en Centro Especial de Empleo"
"terror_76","CCT5049","Oferta de empleo obligatoria para contratos de Programas de Empleo"
"terror_77","CCT5050","Trabajador no beneficiario de prestaci�n durante al menos 3 meses"
"terror_78","CCT5051","Trabajador no perceptor de prestaci�n"
"terror_79","CCT5052","Inscripci�n en la Oficina de Empleo inferior a 3 meses"
"terror_80","CCT5053","El trabajador no ha tenido exclusivamente contratos temporales en los 2 �ltimos a�os"
"terror_81","CCT5054","Inscripci�n en la Oficina de Empleo inferior a un mes"
"terror_82","CCT5055","Trabajador no inscrito como demandante al menos desde el 01-01-2011"
"terror_83","CCT5056","Trabajador inscrito como demandante con posterioridad al 16-08-2011"
"terror_84","CCT5057","Trabajador no perceptor de prestaciones al menos durante tres meses"
"terror_85","CCT6001","Alta del contrato realizada."
"terror_86","CCT6002","Alta del contrato realizada con errores."
"terror_87","CCT6003","Correcci�n del contrato realizada correctamente."
"terror_88","CCT6004","Correcci�n del contrato realizada correctamente.El contrato tiene errores."
"terror_89","CCT6005","No se ha efectuado ninguna correcci�n al contrato."
"terror_90","CCT6006","El contrato se ha incluido en Contrat@ correctamente."
"terror_91","CCT6007","Subrogaci�n de contrato realizada correctamente"
"terror_92","CCT6008","Correcci�n de la subrogaci�n realizada correctamente"
"terror_93","CCT6009","Anulaci�n de la subrogaci�n realizada correctamente"
"terror_94","CCT6010","Subrogaci�n de llamamiento realizada correctamente"
"terror_95","CCT6011","Observaciones guardadas en el contrato correctamente"
"terror_96","CCT6012","Anexo de Formaci�n guardado en el contrato correctamente"
"terror_97","CGE0001"," Los datos de entrada que se han especificado no son correctos.Revise may�sculas al teclear las claves."
"terror_98","CGE0002","La clave personal debe de tener entre 8 y 20 caracteres alfanum�ricos."
"terror_99","CGE0003","El usuario se ha revocado por el transcurso de 3 meses sin haber realizado comunicaci�n alguna."
"terror_100","CGE0004","La clave nueva contiene un car�cter que no es v�lido. Solo se permiten caracteres alfanum�ricos."
"terror_101","CGE0005","La confirmaci�n es diferente de la clave nueva especificada."
"terror_102","CGE0006","La clave actual especificada es incorrecta."
"terror_103","CGE0007","La clave nueva debe de tener entre 8 y 20 caracteres alfanum�ricos."
"terror_104","CGE0008","El usuario no est� autorizado para realizar esta operaci�n."
"terror_105","CGE0009","No se ha especificado una direcci�n de correo nueva."
"terror_106","CGE0010","La direcci�n de correo nueva tiene un formato incorrecto."
"terror_107","CGE0011","No se ha especificado ning�n valor en el campo correspondiente a la clave actual."
"terror_108","CGE0012","No se ha especificado ning�n valor en el campo correspondiente a la clave nueva."
"terror_109","CGE0013","No se ha especificado ning�n valor en el campo correspondiente a la confirmaci�n de la clave nueva."
"terror_110","CGE0014","La nueva clave debe ser distinta a la clave original."
"terror_111","CGE0015","Error al comprobar si existe otra solicitud."
"terror_112","CGE0016","Ya existe una solicitud concedida."
"terror_113","CGE0017","El Municipio no es el correcto."
"terror_114","CGE0018","No existe el organismo especificado para esa Comunidad Aut�noma."
"terror_115","CGE0019","Ya existe una solicitud en tr�mite."
"terror_116","CGE0020","La solicitud no est� en Tr�mite no se pueden modificar los datos."
"terror_117","CGE0021","Los caracteres introducidos en la caja no se corresponden con los de la cuadr�cula. Vuelva a identificarse."
"terror_118","CGE0022","El lugar de presentaci�n no pertenece a la misma Comunidad Aut�noma en que se realiz� la solicitud inicial. No se acepta la modificaci�n."
"terror_119","CGE0023","El organismo de presentaci�n tiene que pertener a la Comunidad Aut�noma desde la que se conecta."
"terror_120","CGE0024","El CIF/NIF/NIE de la empresa no coincide con el CIF/NIF/NIE que se ha conectado."
"terror_121","CGE0025","No se han realizado modificaciones para la solicitud:"
"terror_122","CGE0026","El r�gimen de la Cuenta de Cotizaci�n no es del R�gimen Especial del Mar."
"terror_123","CGE0027","La baja de una autorizaci�n s�lo la puede realizar el usuario principal."
"terror_124","CGE0028","No existe un autorizado con el CIF/NIF/NIE y representanteespecificados."
"terror_125","CGE0029","La solicitud no est� concedida. No puede realizar la baja."
"terror_126","CGE0030","Lugar de presentaci�n erroneo."
"terror_127","CGE0031","La baja de su autorizaci�n ya ha sido realizada."
"terror_128","CGE0032","Debe indicar el nombre de la mutualidad."
"terror_129","CGE0033","Para los colegiados profesionales el CIF/NIF/NIE de la empresa y el NIF/NIE del representante debe ser el mismo."
"terror_130","CGE0034","Para los colegiados profesionales no debe rellenarse la Cuenta de Cotizaci�n."
"terror_131","CGE0035","El CIF/NIF/NIE especificado no est� de alta como empresa cliente o de grupo."
"terror_132","CGE0036","El estado de la solicitud es Anulada, no se puede imprimir."
"terror_133","CGE0037","El estado de la solicitud es Revocada, no se puede imprimir."
"terror_134","CGE0038","El estado de la solicitud es Concedida. Puede obtener el documento de concesi�n en la tarea Consulta e Impresi�n de la situaci�n de la solicitud."
"terror_135","CGE0039","El n�mero de solicitud no existe."
"terror_136","CGE0040","La empresa de la solicitud no se corresponde con el CIF/NIF/NIE tecleado."
"terror_137","CGE0041","El NIF/NIE del representante no se corresponde con el CIF/NIF/NIE de la empresa."
"terror_138","CGE0042","El CIF/NIF/NIE especificado no est� de baja como empresa cliente o de grupo."
"terror_139","CGE0043","Ya existe autorizaci�n concedida para ese NIF/NIE."
"terror_140","CGE0044","El NIF/NIE asociado no est� dado de Alta para esta empresa."
"terror_141","CGE0045","No se permite dar de baja un usuario asociado dos veces en el mismo d�a."
"terror_142","CGE0046","No se permite dar de alta un usuario asociado con el mismo NIF/NIE que un autorizado principal."
"terror_143","CGE0047","El NIF/NIE asociado no est� dado de Baja para esta empresa."
"terror_144","CGE0048","Debe rellenar todos los datos."
"terror_145","CGE0049","La Fecha de alta no es la correcta."
"terror_146","CGE0050","La Solicitud no corresponde a una empresa o colegiado profesional autorizado para representar a terceros."
"terror_147","CGE0051","El c�digo postal no existe."
"terror_148","CGE0052","Debe rellenar todos los datos obligatorios."
"terror_149","CGE0053","El valor del campo hasta debe ser anterior o igual a la fecha del sistema."
"terror_150","CGE0054","El valor de la fecha `hasta` supera en m�s de un a�o al valor de la fecha �desde`"
"terror_151","CGE0055","No ha realizado ninguna modificaci�n de los datos."
"terror_152","CGE0056","No se han encontrado modificaciones de los datos de la empresa."
"terror_153","CGE0057","El CIF de la empresa es incorrecto."
"terror_154","CGE0058","El NIF/NIE del trabajador es incorrecto."
"terror_155","CGE0059","El campo n�mero de domicilio debe ser num�rico o S/N."
"terror_156","CGE0060","No existe ning�n municipio cuyo c�digo comience por el valor especificado"
"terror_157","CGE0061","Usuario no autorizado para trabajar con el CIF/NIF/NIE especificado"
"terror_158","CGE0062","El usuario asociado no pertenece a esa empresa o colegiado profesional."
"terror_159","CGE0063","El CIF/NIF/NIE de la empresa no coincide con el del usuario que realiza la consulta."
"terror_160","CGE0064","El valor de la fecha especificado en el campo `desde` no puede ser superior al valor especificado en el campohasta ."
"terror_161","CGE0065","El CIF/NIF/NIE de la empresa es err�neo."
"terror_162","CGE0066","Debe rellenar las fechas de entrada."
"terror_163","CGE0067","El valor del campo`hasta� no puede superar en m�s de un mes al valor del campo `desde�."
"terror_164","CGE0068","El valor NIF/NIE especificado no es correcto."
"terror_165","CGE0069","El a�o s�lo tiene que ser el actual o uno superior."
"terror_166","CGE0070","El texto excede el tama�o m�ximo permitido."
"terror_167","CGE0071","Debe indicar si desea asignar m�s trabajadores."
"terror_168","CGE0072","Servidor de impresi�n saturado, int�ntelo de nuevo."
"terror_169","CGE0073","No existe Solicitud asociada para ese CIF/NIF/NIE"
"terror_170","CGE0074","Numero de Solicitud err�neo"
"terror_171","CGE0075","Estado de la Situaci�n err�neo"
"terror_172","CGE0076","No existen datos para esta consulta."
"terror_173","CGE0077","El nuevo representante no puede ser el mismo que el actual."
"terror_174","CGE0078","Fecha de Baja del representante debe ser posterior a la fecha de alta del mismo."
"terror_175","CGE0079","El Representante de una empresa no puede ser usuario asociado"
"terror_176","CGE0080","Existe un cambio de representante pendiente para este usuario Asociado"
"terror_177","CGE0081","Todos los campos deben de rellenarse obligatoriamente."
"terror_178","CGE0082","Ya existe la relaci�n con la empresa o colegiado profesional."
"terror_179","CGE0083","No se permite dar de baja una empresa dos veces en el mismo d�a."
"terror_180","CGE0084","No se permite dar de alta una empresa cliente o de grupo con el mismo CIF/NIF/NIE que el principal."
"terror_181","CGE0085","Relaci�n err�nea entre Cif/Nif/Nie y cuenta de cotizaci�n."
"terror_182","CGE0086","No est� en situaci�n de solicitar cambio de clave."
"terror_183","CGE0087","No existen cambios de clave para esa empresa."
"terror_184","CGE0088","Sistema no Disponible, int�ntelo de nuevo m�s tarde."
"terror_185","CGE0089","Se ha producido el c�digo de error I0018, porque su petici�n ha superado el tiempo de proceso. Int�ntelo de nuevo."
"terror_186","CGE0090","La autorizaci�n de la empresa o colegiado profesional est� Revocada."
"terror_187","CGE0091","Relaci�n CIF/NIF, Cuenta de Cotizaci�n no est� dada de alta como empresa Cliente:"
"terror_188","CGE0092","No existen Lugares de Presentaci�n para esa provincia."
"terror_189","CGE0093","S�lo un usuario principal puede realizar esta tarea."
"terror_190","CGE0094","La Cuenta de Cotizaci�n de la empresa es un dato obligatorio."
"terror_191","CGE0095","Representante dado de baja en el mismo d�a."
"terror_192","CGE0096","Fecha de Baja no puede ser anterior a la fecha actual."
"terror_193","CGE0097","Fecha tope de presentaci�n de la solicitud y documentaci�n ante el Servicio P�blico de Empleo:"
"terror_194","CGE0098","Por el transcurso de 30 d�as sin haber presentado la documentaci�n necesaria para proceder a la concesi�n."
"terror_195","CGE0099","Podr� obtener el documento de concesi�n de la autorizaci�n si lo desea."
"terror_196","CGE0100","Imprima el documento para presentarlo en el Servicio P�blico de Empleo"
"terror_197","CGE0101","Parametros para realizar la consulta incorrectos."
"terror_198","CGE0102","Par�metros comunidad o idioma incorrectos."
"terror_199","CGE0103","El fichero no es correcto: no tiene el encabezado xml, o el tipo de comunicaci�n no se corresponde con el tipo de comunicaci�n seleccionada, o el fichero no se ha recibido completo."
"terror_200","CGE0104","No se ha recibido el fichero completo o no pertenece al tipo de comunicacion seleccionado."
"terror_201","CGE0105","Procesado correctamente"
"terror_202","CGE0106","No se pudo obtener el n�mero identificador de envio."
"terror_203","CGE0107","Colectivo de formaci�n no v�lido a la fecha de inicio del contrato.No se acepta la comunicaci�n."
"terror_204","CGE0108","N�mero de pr�rroga err�neo."
"terror_205","CGE0109","La longitud del campo nombre no es correcta."
"terror_206","CGE0110","La longitud del campo apellido no es correcta."
"terror_207","CGE0111","Edad incorrecta para el colectivo de bonificaci�n"
"terror_208","CGE0112","C�digo de Comunidad Aut�noma incorrecto. No se acepta la comunicaci�n."
"terror_209","CGE0113","El usuario est� autorizado, pero la Comunidad Aut�noma que se intenta autenticar es distinta a la que realiz� la autorizaci�n."
"terror_210","CGE0114","Error en los par�metros de entrada"
"terror_211","CGE0115","Formato incorrecto del Identificador de la Empresa"
"terror_212","CGE0116","Error durante el proceso de validaci�n de los par�metros de entrada"
"terror_213","CGE0117","Error durante el proceso de actualizaci�n de tablas"
"terror_214","CGE0118","Se ha cambiado el identificador de su Empresa (CIF/NIF/NIE), y por tanto el identificador de entrada a Contrat@ y a las comunicaciones efectuadas. Debe autenticarse con el nuevo identificador."
"terror_215","CGE0119","Le recordamos que ha sido cambiado en la aplicaci�n el Identificador de su Empresa (CIF/NIF/NIE) y de las comunicaciones de la contrataci�n que tuviera efectuadas con el mismo."
"terror_216","CGE0120","El formato del dato a corregir es incorrecto"
"terror_217","CGE6001","La Modificaci�n de la Solicitud se ha realizado correctamente"
"terror_218","CGE6002","La Solicitud se ha registrado correctamente"
"terror_219","CGE6003","La baja de su autorizaci�n se ha realizado correctamente"
"terror_220","CGE6004","El Alta de usuario Asociado se ha registrado correctamente"
"terror_221","CGE6005","La Baja de usuario Asociado se ha realizado correctamente"
"terror_222","CGE6006","El Cambio de Clave se ha realizado correctamente"
"terror_223","CGE6007","El alta del llamamiento se ha realizado correctamente"
"terror_224","CGE6008","La transformaci�n en indefinido se ha realizado correctamente"
"terror_225","CGE6009","Proceso correcto"
"terror_226","CGE6010","Proceso correcto. El identificador de Empresa no existe en tablas"
"terror_227","CGE6011","Proceso correcto. Ha fallado el env�o del correo electr�nico"
"terror_228","CGE6012","La Modificaci�n del usuario Asociado se ha realizado correctamente"
"terror_229","CGR6001","Los trabajadores se han asignado al contrato de grupo correctamente."
"terror_230","CGR6002","Alguno de los trabajadores del contrato de grupo se han aceptado, y otros se han rechazado por haberse detectado errores."
"terror_231","CGR6003","El trabajador de grupo se ha eliminado del contrato correctamente"
"terror_232","CGR6004","La correcci�n del trabajador de grupo se ha realizado correctamente"
"terror_233","CHC0001","Total horas complementarias incorrectas."
"terror_234","CHC0002","La suma de las horas trimestrales no puede superar el Total de horas complementarias."
"terror_235","CHC0003","Porcentaje de horas complementarias incorrecto."
"terror_236","CHC0004","N�mero de documento de horas incorrecto."
"terror_237","CHC4001","El c�digo de contrato no admite horas complementarias."
"terror_238","CHC4002","Se ha superado el n�mero de documentos de horas complementarias permitido para el contrato."
"terror_239","CHC4003","Documento de horas complementarias ya existente en la base de datos."
"terror_240","CHC4004","El documento de Horas Complementarias solicitado no existe."
"terror_241","CHC4005","No se ha efectuado ninguna correcci�n a las horas complementarias"
"terror_242","CHC4006","No se ha efectuado ninguna correcci�n a las horas complementarias en el periodo solicitado"
"terror_243","CHC6001","Comunicaci�n de horas complementarias realizada correctamente"
"terror_244","CHC6002","Comunicaci�n provisional realizada correctamente"
"terror_245","CHC6003","La correcci�n de las horas complementarias se ha realizado correctamente"
"terror_246","CIN0001","Aplicaci�n COMUNICACI�N DE LA CONTRATACI�N desactivada"
"terror_247","CIN0002","Tarea desactivada"
"terror_248","CIN0003","Tarea restringida"
"terror_249","CIN0004","Tarea inexistente"
"terror_250","CIN0005","Error de sistema"
"terror_251","CIN0006","Aplicaci�n COMUNICACI�N DE LA CONTRATACI�N desactivada"
"terror_252","CLL0001","El identificador de persona f�sica no puede estar repetido en esta misma p�gina."
"terror_253","CLL0002","Para cada llamamiento debe rellenar los datos obligatorios."
"terror_254","CLL4001","El contrato asociado a este llamamiento no existe. No se acepta la comunicaci�n."
"terror_255","CLL4002","El contrato asociado a este llamamiento pertenece a otro trabajador. No se acepta la comunicaci�n."
"terror_256","CLL4003","Existe un llamamiento con los mismos datos que el que intenta mecanizar. No se acepta la comunicaci�n."
"terror_257","CLL4004","El contrato asociado a este llamamiento no es del tipo Fijo Discontinuo. No se acepta la comunicaci�n."
"terror_258","CLL4005","No se ha efectuado ninguna correcci�n al llamamiento"
"terror_259","CLL4006","No se ha efectuado ninguna correcci�n al llamamiento en el per�odo solicitado"
"terror_260","CLL6001","Alta del llamamiento realizada."
"terror_261","CLL6002","La correcci�n del llamamiento se ha realizado correctamente."
"terror_262","CPR1003","Duraci�n err�nea del contrato m�s las pr�rrogas."
"terror_263","CPR1012","Pr�rroga cuyo contrato no tiene fecha de t�rmino."
"terror_264","CPR1013","Pr�rroga cuyo contrato tiene errores."
"terror_265","CPR1016","N�mero m�ximo de pr�rrogas superado."
"terror_266","CPR1019","Horas de formaci�n de la pr�rroga err�neas."
"terror_267","CPR1024","Duraci�n err�nea de la pr�rroga."
"terror_268","CPR1030","Faltan horas de formaci�n para la pr�rroga."
"terror_269","CPR1043","La prorroga esta finalizada a la fecha de comunicacion"
"terror_270","CPR4032","El contrato que desea prorrogar no existe"
"terror_271","CPR4033","El contrato que desea prorrogar pertenece a otra empresa"
"terror_272","CPR4034","El codigo de contrato que desea prorrogar no admite prorrogas"
"terror_273","CPR4035","No se admiten mas de 50 prorrogas"
"terror_274","CPR4036","El contrato no tiene fecha de termino. No se puede prorrogar"
"terror_275","CPR4037","La prorroga ya existe."
"terror_276","CPR4038","El contrato tiene actualmente una pr�rroga pendiente de confirmar."
"terror_277","CPR4039","El contrato est� transformado en indefinido. No se puede prorrogar"
"terror_278","CPR4040","Pr�rroga inexistente para este contrato."
"terror_279","CPR4041","El contrato al que pertenece la pr�rroga no admite correcciones."
"terror_280","CPR4042","El contrato al que pertenece la pr�rroga no admite correcciones por estar transformado a indefinido"
"terror_281","CPR4043","La pr�rroga no puede corregirse transcurridos 30 d�as naturales desde su inicio"
"terror_282","CPR4044","No se ha efectuado ninguna correcci�n a la pr�rroga"
"terror_283","CPR4045","No se ha efectuado ninguna correcci�n a la pr�rroga en el per�odo solicitado"
"terror_284","CPR4046","El contrato tiene pr�rroga posteriores. Debe anular la �ltima."
"terror_285","CPR6001","Alta de la prorroga realizada"
"terror_286","CPR6002","Alta de la prorroga realizada con errores"
"terror_287","CPR6003","Correcci�n de la pr�rroga realizada correctamente."
"terror_288","CPR6004","Correcci�n de la pr�rroga realizada correctamente. La pr�rroga tiene errores"
"terror_289","CTR0001","Fecha de Inicio de la Transformaci�n es un dato obligatorio."
"terror_290","CTR0002","Debe seleccionar si el contrato se acoge o no a Fomento del Empleo"
"terror_291","CTR0003","Debe introducir la Fecha de t�rmino real del contrato."
"terror_292","CTR0004","La Fecha de t�rmino real del contrato s�lo es obligatoria cuando hay pr�rroga t�cita."
"terror_293","CTR0005","Debe indicar el c�digo de contrato a transformar."
"terror_294","CTR0006","Debe indicar la fecha inicio de la transformaci�n."
"terror_295","CTR0007","El c�digo de contrato origen no es transformable."
"terror_296","CTR0008","Los contratos origen de Centros Especiales de Empleo deben seleccionar Discapacitado en CEE."
"terror_297","CTR0009","Debe especificar si se acoge o no a las medidas de fomento de la contratacion indefinida."
"terror_298","CTR0010","La fecha de inicio de la transformaci�n debe ser mayor que la fecha de inicio del contrato."
"terror_299","CTR0011","La transformacion debe tener o bien horas de jornada o el periodo de actividad debe ser sin fecha cierta."
"terror_300","CTR0012","La fecha de inicio de la transformaci�n no puede superar en m�s de 3 meses a la fecha de presentaci�n."
"terror_301","CTR0013","La fecha de t�rmino real del contrato debe ser igual a la fecha de transformaci�n o al d�a anterior."
"terror_302","CTR0014","Debe de seleccionar la opci�n de discapacitado en centros especiales de empleo."
"terror_303","CTR0015","Este contrato no admite este tipo de transformaci�n."
"terror_304","CTR0016","Este contrato no admite Fomento del Empleo"
"terror_305","CTR0017","Debe indicar el c�digo de transformaci�n."
"terror_306","CTR0018","Transformaci�n de Centros Especiales de Empleo no admite esta bonificaci�n. No se acepta la comunicaci�n."
"terror_307","CTR0019","Esta transformaci�n no puede ser de Centros Especiales de Empleo"
"terror_308","CTR0020","La duraci�n del contrato origen no puede ser superior a 6 meses. No se admite la comunicaci�n."
"terror_309","CTR0021","Deben transcurrir al menos 3 meses para convertir el contrato de Primer Empleo Joven"
"terror_310","CTR4032","El contrato que desea transformar no existe"
"terror_311","CTR4033","El contrato que desea transformar pertenece a otra empresa"
"terror_312","CTR4034","Este contrato no admite Transformaci�n a Indefinido."
"terror_313","CTR4035","El contrato ya est� transformado en indefinido."
"terror_314","CTR4036","El contrato no est� transformado a indefinido."
"terror_315","CTR4037","El contrato al que pertenece la transformaci�n no admite correcciones."
"terror_316","CTR4038","La transformaci�n no puede corregirse transcurridos 30 d�as naturales desde su inicio."
"terror_317","CTR4039","La transformaci�n que intenta corregir no existe."
"terror_318","CTR4040","La transformaci�n no admite correcciones por bonificaci�n o subvenci�n."
"terror_319","CTR4041","No se ha efectuado ninguna correcci�n a la transformaci�n"
"terror_320","CTR4042","No se ha efectuado ninguna correcci�n a la transformaci�n en el per�odo solicitado"
"terror_321","CTR6001","Alta de la transformaci�n realizada."
"terror_322","CTR6002","La correcci�n de la transformaci�n se ha realizado correctamente."
"terror_323","CTR6003","Anulaci�n de la transformaci�n realizada correctamente."
"terror_324","CTT0001","El formato del identificador del trabajador aut�nomo es incorrecto."
"terror_325","CTT0002","El formato del identificador del cliente es incorrecto."
"terror_326","CTT0003","El identificador del trabajador aut�nomo no puede ser el mismo que el del cliente. No se acepta la comunicaci�n."
"terror_327","CTT0004","La fecha debe ser igual o superior al 5 de marzo de 2009, fecha de entrada en vigor del RD 197/2009."
"terror_328","CTT0005","Han transcurrido m�s de 35 d�as naturales desde que se inici� el contrato."
"terror_329","CTT0006","El dato Indicador de Acuerdo de Inter�s Profesional es obligatorio."
"terror_330","CTT0007","Valor incorrecto del dato Indicador de Acuerdo de Inter�s Profesional."
"terror_331","CTT0008","El dato Acuerdo de Inter�s Profesional es obligatorio."
"terror_332","CTT0009","Valor incorrecto del dato Acuerdo de Inter�s Profesional."
"terror_333","CTT0010","El dato Duraci�n del contrato es obligatorio."
"terror_334","CTT0011","El dato Objeto/Causa del contrato es obligatorio."
"terror_335","CTT0012","Valor incorrecto del dato Objeto/Causa del contrato."
"terror_336","CTT0013","No existen datos para el identificador del cliente introducido."
"terror_337","CTT0014","El dato Distribuci�n Semanal es obligatorio."
"terror_338","CTT0015","Valor incorrecto del dato Distribuci�n Semanal."
"terror_339","CTT0016","El dato Descanso semanal y festivos es obligatorio."
"terror_340","CTT0017","El dato Interrupci�n anual de la actividad es obligatorio."
"terror_341","CTT0018","El dato Identificador del trabajador aut�nomo es obligatorio."
"terror_342","CTT0019","El dato Identificador del Cliente que contrata es obligatorio."
"terror_343","CTT0020","Cumplimente la fecha de t�rmino del contrato s�lo en el caso de seleccionar duraci�n cierta del mismo."
"terror_344","CTT0021","No existen datos para el identificador del cliente introducido. Debe darlo de alta a trav�s de Entidades comunes."
"terror_345","CTT0022","No existen datos para el identificador del TAED introducido. No se acepta la comunicaci�n."
"terror_346","CTT0023","El contrato TAED ha sido comunicado correctamente."
"terror_347","CTT0024","No existen datos para el identificador del Cliente introducido. No se acepta la comunicaci�n."
"terror_348","CTT0025","El dato Tipo de Cliente es obligatorio."
"terror_349","CTT0026","Valor incorrecto del dato Tipo de Cliente."
"terror_350","CTT0027","El dato Identificador del Cliente es incompatible con el Tipo de Cliente seleccionado."
"terror_351","CTT0028","Los datos introducidos para dar de alta el Cliente no son correctos. No se acepta la comunicaci�n."
"terror_352","CTT0029","Alguno de los datos identificativos del trabajador TAED no han sido cumplimentados. No se acepta la comunicaci�n."
"terror_353","CTT0030","Alguno de los datos identificativos del cliente no han sido cumplimentados. No se acepta la comunicaci�n."
"terror_354","CTT0031","El dato Cuenta de Cotizaci�n es incompatible con el tipo de cliente seleccionado. No se acepta la comunicaci�n."
"terror_355","CTT0032","Alguno de los datos obligatorios del contrato TAED no han sido cumplimentados. No se acepta la comunicaci�n."
"terror_356","CTT0033","La edad del Cliente ha de ser superior a 16 a�os."
"terror_357","CTT0035","No existen datos para el identificador de contrato introducido."
"terror_358","CTT0036","Las horas semanales deben ser inferiores a las horas de jornada."
"terror_359","CTT0037","El texto excede el tama�o m�ximo permitido de 250 caracteres."
"terror_360","GEN0001","Error de acceso a datos no recuperable."
"terror_361","GEN0002","Error de acceso a datos recuperable."
"terror_362","GEN0003","Error, las copias no est�n a nivel."
"terror_363","GEN0004","Error en par�metros de entrada."
"terror_364","GEN0005","No existe el identificador de entidad"
"terror_365","GEN0006","Error de infraestructura no recuperable"
"terror_366","GEN0007","Error de infraestructura recuperable"
"terror_367","GEN0008","Operaci�n no permitida"
"terror_368","GEN0011","No existe ayuda para el dato"
"terror_369","GEN0012","Tecla de funcion no activada"
"terror_370","GEN0014","Usuario no autorizado para realizar la operacion"
"terror_371","GEN0019","Dato sin cumplimentar"
"terror_372","GEN0020","Opcion no implementada"
"terror_373","GEN0021","No se ha modificado ningun campo"
"terror_374","GEN0023","Dato no modificable"
"terror_375","GEN0024","Datos incompatibles"
"terror_376","GEN0070","Aviso: otro usuario intenta realizar el mismo dialogo-esperar-"
"terror_377","GEN0201","Primera informacion"
"terror_378","GEN0202","Ultima informacion"
"terror_379","GEN0203","Primera pantalla"
"terror_380","GEN0204","Ultima pantalla"
"terror_381","GEN0205","No existen datos"
"terror_382","GEN0206","Final de informacion"
"terror_383","GEN0211","Opcion incorrecta"
"terror_384","GEN0212","Seleccione con X una unica opcion"
"terror_385","GEN0241","Registro en uso"
"terror_386","GEN0242","Registro en proceso de actualizacion"
"terror_387","GEN0402","Se produjo error de aplicacion. Transaccion no procesada"
"terror_388","GEN0403","Transaccion procesada correctamente"
"terror_389","GEN0900","Consulta realizada"
"terror_390","GEN0901","Final de datos"
"terror_391","GEN0902","Para confirmar pulse pf5. Para anular pulse pf3"
"terror_392","GEN0905","Alta realizada."
"terror_393","GEN0906","Baja realizada."
"terror_394","GEN0907","Modificacion realizada."
"terror_395","GEN0908","Inicio de datos"
"terror_396","GEN0909","Operacion anulada"
"terror_397","GEN0910","Operacion realizada"
"terror_398","GEN0911","Para confirmar pulse PF5, para modificar pulse PF6"
"terror_399","GEN0998","Transaccion no activa"
"terror_400","GEN0999","Aplicacion cerrada"
"terror_401","IDE0001","EL DEMANDANTE NO ESTA DE ALTA EN LOS SERVICIOS PUBLICOS DE EMPLEO."
"terror_402","IDE0101","NO EXISTEN DATOS DE SU IDENTIFICADOR"
"terror_403","IDE0102","Debido a las caracter�sticas de su demanda, debepasarse por su oficina de empleo para modificar sus datos."
"terror_404","IDE0103","SU DEMANDA DE EMPLEO YA EXISTE"
"terror_405","IDE0104","SUS DATOS NO PERMITEN LA INSCRIPCI�N. ACUDAA SU OFICINA DE EMPLEO."
"terror_406","IDE0105","NO EXISTEN DATOS DE LA PERSONA F�SICA"
"terror_407","IDE0106","NIF/NIE INCORRECTO"
"terror_408","IDE0107","DATO INCORRECTO"
"terror_409","IDE0110","LA FECHA REAL DEBE ESTAR INFORMADA."
"terror_410","IDE0112","La fecha de colocaci�n no es correcta"
"terror_411","IDE0115","La situaci�n de su demanda no permite la inscripci�n. Acuda a su oficina de empleo."
"terror_412","IDE0122","LA SITUACI�N DE LA DEMANDA ES DISTINTA DE BAJA"
"terror_413","IDE0123","La fecha de colocaci�n es anterior a la fecha deinscripci�n de su demanda."
"terror_414","IDE0124","PROCESO CORRECTO"
"terror_415","IDE0125","DEMANDA SUSPENDIDA POR IGUAL CAUSA"
"terror_416","IDE0126","DEMANDA EN SITUACI�N DE BAJA"
"terror_417","IDE0127","IDENTIFICADOR INCORRECTO"
"terror_418","IDE0128","FECHA NO V�LIDA"
"terror_419","IDE0129","INSCRIPCI�N DE DEMANDA NO PERMITIDA PARA SU COMUNIDAD AUT�NOMA"
"terror_420","IDE0130","DOMICILIO NO CORRESPONDE CON SU OFICINA"
"terror_421","IDE0131","LA SITUACION DE LA DEMANDA NO PERMITE LA OBTENCION DEL DOCUMENTO."
"terror_422","IDE0132","PROCESO NO PERMITIDO POR BAJA POR ABONO ACUMULADO PRESTACI�N RETORNO A PA�S DE ORIGEN."
"terror_423","IGE0003","EL AMBITO DE BUSQUEDA NO CORRESPONDE CON LA CCAA DEL USUARIO"
"terror_424","IGE0004","NO EXISTEN REGISTROS.MOFDIFIQUE ARGUMENTOS DEBUSQUEDA DEL SONDEO"
"terror_425","IGE0005","EXCESO DE REGISTROS.MODIFIQUE ARGUMENTOSDEBUSQUEDA DEL SONDEO"
"terror_426","IGE0101","Error en el proceso de actualizaci�n, no se han realizado las modificaciones"
"terror_427","IGE0102","Error en el proceso, pru�be m�s tarde"
"terror_428","IGE0103","Error interno en los procesos de control estad�stico de la transacci�n. Se han deshecho las operaciones. Int�ntelo m�s tarde."
"terror_429","IGE0104","Error en el proceso de actualizaci�n, no se han realizado las modificaciones"
"terror_430","IIF0136","LA OFERTA NO PERTENECE A LA CCAA DEL USUARIO"
"terror_431","IIF0137","LA UAG NO PERTENECE A LA CCAA DEL USUARIO"
"terror_432","IOF0067","OFERTA NO PERTENECE AL AMBITO DE UAG"
"terror_433","IOF0068","NUMERO PUESTOS AMPLIAR INSUFICIENTE"
"terror_434","IOF0069","PUESTOS A ANULAR > PTOS EN GESTION"
"terror_435","IOF0070","CAMPO NUMERICO"
"terror_436","IOF0071","OCUPACION INCORRECTA"
"terror_437","IOF0072","SI INFORMA FX-OBTIT DEBE INFORMAR TI"
"terror_438","IOF0073","FECHA ILOGICA"
"terror_439","IOF0074","DIA FESTIVO"
"terror_440","IOF0075","DATO NO REQUERIDO"
"terror_441","IOF0076","SALARIO HASTA MENOR QUE DESDE"
"terror_442","IOF0077","debe rellenar la tabla en orden"
"terror_443","IOF0078","ESPECIALIDAD FORMATIVA NO EXISTE EN TABLA"
"terror_444","IOF0079","SIN IDIOMA NO PUEDE INFORMAR ESTE C."
"terror_445","IOF0080","SITUACION LABORAL INCORRECTA"
"terror_446","IOF0081","A�OS EXPERIENCIA O EDAD MIN. INCORR."
"terror_447","IOF0082","EDAD HASTA MENOR QUE EDAD DESDE"
"terror_448","IOF0083","PERMISO CONDUCIR/EDAD INCOMPATIBLES"
"terror_449","IOF0084","MUNICIPIO NO CORRESPONDE CON PROVINC"
"terror_450","IOF0085","HORA INCORRECTA"
"terror_451","IOF0086","SI INFORMA HASTA,DEBE INFORMAR DESDE"
"terror_452","IOF0087","HORA HASTA MENOR QUE HORA DESDE"
"terror_453","IOF0088","FECHA ANTERIOR A LA DEL SISTEMA"
"terror_454","IOF0089","FX DESDE SOLO PUEDE SER 30 DIAS>HOY"
"terror_455","IOF0090","FECHA HASTA MENOR QUE FECHA DESDE"
"terror_456","IOF0091","FX HASTA SOLO PUEDE SER 60 DIAS >DIA"
"terror_457","IOF0092","POSIBLES VALORES: `S` O `N`"
"terror_458","IOF0093","FECHA < QUE EL REGISTRO DE LA OFERTA"
"terror_459","IOF0094","INTRODUZCA CERTIFICACION O BORRE FX"
"terror_460","IOF0095","ELEMENTO NO VIGENTE EN TABLA"
"terror_461","IOF0096","EXPERIENCIA/EDAD MINIMA IMCOMPATIBLE"
"terror_462","IOF0097","OBLIGADO `S` SI TELEFONO ESTA INFORM"
"terror_463","IOF0101","Campo obligatorio, introduzca alg�n valor v�lido"
"terror_464","IOF0102","Solo se admiten valores num�ricos"
"terror_465","IOF0103","Debe introducir un formato de fecha v�lido"
"terror_466","IOF0104","Las fecha `desde` o de inicio debe ser mayor quela fecha `hasta` o final"
"terror_467","IOF0105","No se admite un valor inferior a la fecha actual"
"terror_468","IOF0106","Error de datos internos de la aplicaci�n o de c�digos incorrectos"
"terror_469","IOF0107","Error de datos internos de la aplicaci�n o c�digos incorrectos"
"terror_470","IOF0108","Error de datos internos de la aplicaci�n"
"terror_471","IOF0109","Error de datos internos"
"terror_472","IOF0110","Dato introducido incorrecto, corrija el error"
"terror_473","IOF0111","Se ha repetido alguno de los valores, corr�jalo"
"terror_474","IOF0112","La oferta de empleo no existe en la base de datos"
"terror_475","IOF0113","Ya existe una oferta de empleo con el mismo c�digo y caracter�sticas en la base de datos"
"terror_476","IOF0114","Datos incorrectos en la comunicaci�n con el ordenador central (Acci�n de llamada)"
"terror_477","IOF0115","Datos incorrectos en la comunicacion (modo de contacto)"
"terror_478","IOF0116","La oferta de empleo que se intenta modificar ya est� en situacion de baja o inactiva."
"terror_479","IOF0117","Error general por datos internos incorrectos"
"terror_480","IOF0118","No hay datos suficientes para realizar busquedas en la base de datos"
"terror_481","IOF0119","Demasiados datos para la busqueda solicitada, debe restringir los par�metros"
"terror_482","IOF0120","Valor modificado igual al que ten�a anteriormente"
"terror_483","IOF0121","El n�mero m�ximo de candidatos para la oferta debe ser mayor o igual al de los puestos ofertados"
"terror_484","IOF0122","La ocupaci�n no contempla el nivel profesional"
"terror_485","IOF0123","El CIF/NIF/NIE y la CUENTA DE COTIZACI�N no se corresponden."
"terror_486","IOF0124","LA OFERTA NO ESTA DIFUNDIDA"
"terror_487","IOF0125","LA OFERTA YA ESTA DIFUNDIDA"
"terror_488","IOF0126","LA SITUACION DE LA OFERTA ES INCOMPATIBLE PARASU DIFUSION"
"terror_489","IOF0127","FECHA INICIO/FIN DIFUSION SIN CONTENIDO"
"terror_490","IOF0128","FECHA FIN DIFUSION ANTERIOR A LA DEL DIA"
"terror_491","IOF0129","TIEPO DIFUSION DE LA OFERTA > 6 MESES"
"terror_492","IOF0130","FECHA LIMITE DIFUSION MENOR QUE FECHA INICIO DIFUSION"
"terror_493","IOF0131","CAMBIO DE SITUACION DE OFERTA NO PERMITIDO"
"terror_494","IOF0132","LA UNIDAD DE GESTION NO PUEDE GESTIONAR OTRAS OFICINAS"
"terror_495","IOF0133","LA SITUACION DE LA OFERTA NO PERMITE MODIFICACION"
"terror_496","IOF0134","FECHA POSTERIOR A LA DEL SISTEMA"
"terror_497","IOF0135","LA FECHA DE CERTIFICACION ES MENOR QUE LA DEL REGISTRO DE LA OFERTA"
"terror_498","IOF0136","LA OFERTA NO PERTENECE A LA CCAA DEL USUSARIO"
"terror_499","IOF0137","LA UAG NO PERTENECE A LA CCAA DEL USUARIO"
"terror_500","ITC0001","Campa�a no existe."
"terror_501","ITC0002","Campa�a no vigente."
"terror_502","ITC0003","No hay temporeros disponibles para la campa�a."
"terror_503","ITC0004","Oferta de trabajo en campa�as no existe."
"terror_504","ITC0005","Oferta de trabajo en campa�as en proceso."
"terror_505","ITC0006","Clave de la campa�a ya existe."
"terror_506","ITC0007","Datos de la campa�a incorrectos."
"terror_507","ITC0008","Faltan datos obligatorios de la oferta de trabajo."
"terror_508","ITT0001","Ya existe el trabajador temporero en alta."
"terror_509","ITT0002","No existe el trabajador temporero."
"terror_510","ITT0003","Faltan datos obligatorios del temporero."
"terror_511","ITT0004","Datos personales del temporero incorrectos"
"terror_512","ITT0005","Error en el permiso de trabajo o nacionalidad."
"terror_513","ITT0006","Error en las campa�as solicitadas por el temporero."
"terror_514","ITT0007","Causa de baja incorrecta."
"terror_515","ITT0008","Ya existe la relaci�n temporero / oferta"
"terror_516","ITT0009","No existe la relaci�n temporero / oferta."
"terror_517","ITT0010","Situaci�n temporero / campa�a incorrecta."
"terror_518","ITT0011","Temporero en situaci�n distinta de alta."
"terror_519","NCC0001","No existen datos para el identificador de Cuenta de cotizaci�n/Empleador solicitado"
"terror_520","NCC0002","Activaci�n para Cuenta de cotizaci�n/Empleador ya activo"
"terror_521","NCC0003","Desactivaci�n para Cuenta de cotizaci�n/Empleador no activo"
"terror_522","NCC0004","Cuenta de cotizaci�n/Empleador ya existe y no est� activo"
"terror_523","NCC0005","Cuenta de cotizaci�n/Empleador ya existe y s� est� activo"
"terror_524","NCC0006","Cuenta de cotizaci�n/Empleador ya existe y est� activo para otra CA"
"terror_525","NCC0007","Existen servicios para Cuenta de cotizaci�n/Empleador"
"terror_526","NCC0008","IDEntificador nuevo de Cuenta de cotizaci�n/Empleador ya existe"
"terror_527","NCC0009","Datos de Cuenta de cotizaci�n/Empleador contrastados e ignorar contraste = NO"
"terror_528","NCC0010","El Identificador de la Cuenta de Cotizaci�n es incorrecto o desconocido. No se acepta la comunicaci�n."
"terror_529","NCC0011","El identificador de la empresa es incorrecto o desconocido. No se acepta la comunicaci�n."
"terror_530","NCC0012","La Cuenta de Cotizaci�n no est� asociada al CIF/NIF de la empresa. No se acepta la comunicaci�n."
"terror_531","NCC0013","Error en ignorar contraste de datos de Cuenta de cotizaci�n/Empleador"
"terror_532","NCC0014","Alta de Cuenta de cotizaci�n/Empleador no permitida"
"terror_533","NCC0015","Tipo de via p�blica: Dato obligatorio no cumplimentado"
"terror_534","NCC0016","Nombre de v�a p�blica: Dato obligatorio no cumplimentado"
"terror_535","NCC0017","C�digo de municipio: Dato obligatorio no cumplimentado"
"terror_536","NCC0018","C�digo postal: Dato obligatorio no cumplimentado"
"terror_537","NCC0019","N�mero de v�a p�blica: Dato obligatorio no cumplimentado"
"terror_538","NCC0020","N�mero de v�a p�blica: num�rico o S/N"
"terror_539","NCC0024","Actividad econ�mica: Dato obligatorio no cumplimentado"
"terror_540","NCC0025","Existe Cta.de cotizaci�n /Empleador provisional"
"terror_541","NCC0026","Existe Cta.de cotizaci�n /Empleador, no se permite el alta de un provisional"
"terror_542","NCC0030","Cuenta de Cotizaci�n: Dato err�neo"
"terror_543","NCC0031","R�gimen de Cuenta de Cotizaci�n: Dato err�neo"
"terror_544","NCC0032","Provincia de Cuenta de Cotizaci�n: Dato err�neo"
"terror_545","NCC0033","N�mero de Cuenta de Cotizaci�n: Dato err�neo"
"terror_546","NCC0034","D�gitos de control de Cuenta de Cotizaci�n: Dato err�neo"
"terror_547","NCC0035","Error en la r�plica de datos en la Contrataci�n"
"terror_548","NCC0036","Error en la r�plica de datos en la Oferta"
"terror_549","NCC0037","Cuenta de cotizaci�n/Empleador tiene ofertas asociadas"
"terror_550","NCC0038","El identificador ha sido cambiado"
"terror_551","NCC0090","La Cuenta de Cotizaci�n no tiene CIF/NIF asignado en la Base de Datos. No se acepta la comunicaci�n."
"terror_552","NCC0091","El CIF/NIF de la Cuenta de Cotizaci�n no corresponde al CIF/NIF de la Empresa. No se acepta la comunicaci�n."
"terror_553","NEM0001","No existen datos para el identificador de Empresario solicitado."
"terror_554","NEM0002","Activaci�n para Empresario ya activo"
"terror_555","NEM0003","Desactivaci�n para Empresario no activo"
"terror_556","NEM0004","Empresario ya existe y no est� activo"
"terror_557","NEM0005","Empresario ya existe y s� est� activo"
"terror_558","NEM0006","Empresario ya existe y est� activo para otra CA"
"terror_559","NEM0007","Existen servicios para el Empresario"
"terror_560","NEM0008","IDEntificador nuevo de Empresario ya existe"
"terror_561","NEM0009","Datos de Empresario contrastados e ignorar contraste = NO"
"terror_562","NEM0010","El Empresario no tiene Cuentas de Cotizaci�n asociadas"
"terror_563","NEM0011","El Empresario tiene mas de 20 Cuentas de Cotizaci�n asociadas"
"terror_564","NEM0012","Error en la acotaci�n de la consulta"
"terror_565","NEM0013","Error en ignorar contraste de datos de Empresario"
"terror_566","NEM0014","Raz�n social: dato obligatorio no cumplimentado."
"terror_567","NEM0015","Tipo de v�a p�blica: dato obligatorio no cumplimentado."
"terror_568","NEM0016","Nombre de v�a p�blica: datos obligatorio no cumplimentado."
"terror_569","NEM0017","C�digo de municipio: dato obligatorio no cumplimentado."
"terror_570","NEM0018","C�digo postal: datos obligatorio no cumplimentado."
"terror_571","NEM0019","N�mero de v�a p�blica: Dato obligatorio no cumplimentado"
"terror_572","NEM0020","N�mero de v�a p�blica: num�rico o S/N"
"terror_573","NEM0021","El identificador de Empresario ha sido cambiado"
"terror_574","NEM0022","El Empresario tiene Ctas. de cotizaci�n activas en esa CA"
"terror_575","NEM0023","CIF / NIF de Empresario : dato err�neo"
"terror_576","NEM0024","El Empresario tiene ofertas activas"
"terror_577","NEM0025","No existe ning�n Empresario"
"terror_578","NEM0026","El nombre de la v�a p�blica contiene letras min�sculas"
"terror_579","NEM0027","La raz�n social contiene letras min�sculas"
"terror_580","NEM0028","Fecha de fin de autorizaci�n de ETT, inferior de a fecha de inicio"
"terror_581","NEM0029","Fecha de inicio / fin de autorizaci�n de ETT: Formato incorrecto"
"terror_582","NEM0030","Inconsistencia entre el n�mero de autorizaci�n de ETT y su �mbito de actuaci�n"
"terror_583","NEM0031","Datos de ETT incompatibles con indicador de ETT"
"terror_584","NEM0032","Cambio de identificador no permitido. El Empresario tiene cuentas procedentes de TGSS/EURES"
"terror_585","NEM0041","Tel�fono de contacto contiene datos err�neos"
"terror_586","NGE0022","Tipo de consulta incorrecta"
"terror_587","NPF0001","No existen datos para el identificador de Persona F�sica solicitado"
"terror_588","NPF0002","Activaci�n para Persona F�sica ya activa"
"terror_589","NPF0003","Desactivaci�n para Persona F�sica no activa"
"terror_590","NPF0004","Persona F�sica ya existe y no est� activa"
"terror_591","NPF0005","Persona F�sica ya existe y s� est� activa"
"terror_592","NPF0006","Persona F�sica ya existe y est� activa para otra CA"
"terror_593","NPF0007","Existen servicios para la Persona F�sica"
"terror_594","NPF0008","IDEntificador nuevo de Persona F�sica ya existe"
"terror_595","NPF0009","Datos de Persona F�sica contrastados e ignorar contraste = NO"
"terror_596","NPF0010","Nacionalidad / Tipo de documento: Datos incompatibles"
"terror_597","NPF0011","Persona F�sica residente en otra CA"
"terror_598","NPF0012","Pa�s de residencia incompatible con municipio"
"terror_599","NPF0013","Error en ignorar contraste"
"terror_600","NPF0014","Datos obligatorios no cumplimentados"
"terror_601","NPF0016","No hay duplicado libre para cambio de identificador de tipo D a tipo H"
"terror_602","NPF0017","N�mero de v�a p�blica: Dato obligatorio no cumplimentado"
"terror_603","NPF0018","N�mero de v�a p�blica: num�rico o S/N"
"terror_604","NPF0020","Escalera: contiene caracteres no v�lidos"
"terror_605","NPF0021","Pa�s de nacimiento: Dato no cumplimentado"
"terror_606","NPF0022","Piso: Contiene caracteres no v�lidos"
"terror_607","NPF0023","Puerta de domicilio ( residencia ): Dato err�neo"
"terror_608","NPF0024","C�digo de municipio: Dato obligatorio no cumplimentado"
"terror_609","NPF0025","C�digo postal: Dato obligatorio no cumplimentado"
"terror_610","NPF0026","Pais de nacimiento: Dato obligatorio no cumplimentado"
"terror_611","NPF0027","Fecha de nacimiento: Dato obligatorio no cumplimentado"
"terror_612","NPF0028","Fecha de nacimiento: Valor / formato err�neo"
"terror_613","NPF0029","Nacionalidad actual: Dato obligatorio no cumplimentado"
"terror_614","NPF0030","N�mero de afiliaci�n a la S.S.: Dato err�neo"
"terror_615","NPF0031","Tel�fono de contacto contiene caracteres no v�lidos."
"terror_616","NPF0032","N�mero de afiliaci�n a la S.S.: Dato no cumplimentado ( Perceptor de Prestaciones )"
"terror_617","NPF0033","N�mero de afiliaci�n a la S.S.: Contiene caracteres no v�lidos"
"terror_618","NPF0034","D�gitos de control incorrectos para el N�mero de afiliaci�n a la S.S."
"terror_619","NPF0035","Primer apellido: Dato obligatorio no cumplimentado"
"terror_620","NPF0038","N�mero de documento de identificaci�n: Dato obligatorio no cumplimentado"
"terror_621","NPF0040","Tipo de documento identificativo no permitido"
"terror_622","NPF0041","N�mero de documento identificativo: dato err�neo"
"terror_623","NPF0042","Caracter NIF / NIE incorrecto"
"terror_624","NPF0043","Ya existen datos para el identificador de Persona F�sica"
"terror_625","NPF0045","No existen datos para el identificador de Persona F�sica solicitado"
"terror_626","NPF0049","Nombre, tiene caracteres no v�lidos."
"terror_627","NPF0050","Primer apellido, tiene caracteres no v�lidos."
"terror_628","NPF0051","Segundo apellido, tiene caracteres no v�lidos."
"terror_629","NPF0052","Nombre introducido es una part�cula."
"terror_630","NPF0053","Primer apellido introducido es una part�cula."
"terror_631","NPF0054","Domicilio de residencia Espa�a, incompatible con el pa�s de residencia."
"terror_632","NPF0055","Domicilio de residencia extranjero, incompatible con el pa�s de residencia."
"terror_633","NPF0056","Domicilio de notificaci�n Espa�a, incompatible con el pa�s de notificaci�n."
"terror_634","NPF0057","Domicilio de notificaci�n extranjero, incompatible con el pa�s de notificaci�n."
"terror_635","NPF0058","C�digo de V�a P�blica (residencia) es incorrecto."
"terror_636","NPF0059","C�digo de V�a P�blica (notificaci�n) es incorrecto."
"terror_637","NPF0060","Caracteres err�neos en Nombre de la V�a P�blica (residencia)."
"terror_638","NPF0061","Caracteres err�neos en Nombre de la V�a P�blica (notificaci�n)."
"terror_639","NPF0062","N�mero de la V�a P�blica: dato obligatorio."
"terror_640","NPF0063","N�mero de la V�a P�blica err�neo."
"terror_641","NPF0064","Valores incorrectos para BIS/DUPLICADO (residencia)."
"terror_642","NPF0065","Valores incorrectos para BIS/DUPLICADO (notificaci�n)."
"terror_643","NPF0066","Formato incorrecto tel�fono 2."
"terror_644","NPF0067","Valor incorrecto para el dato Escalera (notificaci�n)."
"terror_645","NPF0068","Valor incorrecto para el dato Piso (residencia)."
"terror_646","NPF0069","Formato incorrecto tel�fono m�vil."
"terror_647","NPF0070","Sexo: Dato obligatorio no cumplimentado"
"terror_648","NPF0071","Grado de minusval�a err�neo."
"terror_649","NPF0072","Fecha de minusval�a anterior a la del sistema."
"terror_650","NPF0073","Pa�s de notificaci�n obligatorio."
"terror_651","NPF0074","Pa�s de notificaci�n incorrecto."
"terror_652","NPF0075","Domicilio de notificaci�n en el extranjero obligatorio."
"terror_653","NPF0076","Indicador de minusval�a: Dato err�neo"
"terror_654","NPF0077","Nombre de V�a P�blica, dato obligatorio."
"terror_655","NPF0078","Domicilio de notificaci�n en Espa�a obligatorio."
"terror_656","NPF0079","Piso de Domicilio de Notificaci�n incorrecto."
"terror_657","NPF0080","Domicilio de residencia en el extranjero, si pa�s de residencia distinto de Espa�a"
"terror_658","NPF0081","Letra de Domicilio de Notificaci�n incorrecta."
"terror_659","NPF0082","Localidad / Municipio de notificaci�n obligatorio."
"terror_660","NPF0083","Localidad / Municipio de notificaci�n incorrecto."
"terror_661","NPF0084","C�digo Postal de notificaci�n obligatorio."
"terror_662","NPF0091","N�mero de documento identificativo: Dato no cumplimentado"
"terror_663","NPF0092","Primer apellido: Dato err�neo"
"terror_664","NPF0093","Segundo apellido: Dato err�neo"
"terror_665","NPF0094","Nombre: Dato err�neo"
"terror_666","NPF0095","Error en la r�plica de datos en la demanda"
"terror_667","NPF0096","Error en la r�plica de datos en la Contrataci�n"
"terror_668","NPF0097","Error en la r�plica de datos en la formaci�n"
"terror_669","NPF0098","Error en la r�plica de datos en la ET"
"terror_670","NPF0100","Grado de minusval�a: Dato err�neo"
"terror_671","NPF0101","Contraste DGP : Dato err�neo"
"terror_672","NPF0103","Domicilio de notificaci�n nacional o extranjero, no ambos"
"terror_673","NPF0104","Persona F�sica temporalmente bloqueada"
"terror_674","NPF0105","Cambio de identificador no permitido. Procesos de n�mina activos"
"terror_675","NPF0106","IDEntificador de Persona F�sica antiguo: Dato obligatorio"
"terror_676","NPF0107","IDEntificador de Persona F�sica nuevo: Dato obligatorio"
"terror_677","NPF0108","IDEntificador de Persona F�sica nuevo: Existe en otras entidades"
"terror_678","NPF0109","Desactivaci�n no permitida por tener Demanda de Empleo"
"terror_679","NPF0110","Cambio de identificador no permitido por procesos internos"
"terror_680","NPF0111","Persona F�sica no activa para la CA"
"terror_681","NPF0112","Ubicaci�n auton�mica de la historia de la Demanda: dato err�neo"
"terror_682","NPF0113","Ubicaci�n auton�mica de la historia de la Demanda: dato no actualizable"
"terror_683","NPF0114","No existe ninguna Persona F�sica"
"terror_684","NPF0115","Modificaci�n de datos identificativos no permitida para extranjeros sin NIE ( U / W )"
"terror_685","NPF0116","Persona f�sica duplicada"
"terror_686","NPF0117","Las copia esclava tiene nivel de sincronizaci�n superior a la maestra"
"terror_687","NPF0118","El nombre de la v�a p�blica contiene letras min�sculas"
"terror_688","NPF0119","El nombre contiene letras min�sculas"
"terror_689","NPF0120","El primer apellido contiene letras min�sculas"
"terror_690","NPF0121","El segundo apellido contiene letras min�sculas"
"terror_691","NPF0125","Causa cambio identificador incorrecta."
"terror_692","NPF0155","Datos Confidenciales"
"terror_693","NPF0240","Persona fisica inexistente."
"terror_694","NPF0303","Fecha desde mayor que fecha hasta."
"terror_695","NPF1001","Tipo de documento no permitido en Contrat@"
"terror_696","NPF1002","NAFSS: Dato incompleto"
"terror_697","NPF1003","Pa�s / municipio de nacimiento: Datos incompatibles"
"terror_698","NPF1004","Nivel formativo: Dato no cumplimentado"
"terror_699","NPF1005","Indicador de minusval�a: Formato err�neo ( indicador o fecha )"
"terror_700","NPF1006","Validaciones para Contrataci�n correcta. Faltan otros datos"
"terror_701","NPF1007","Domicilio de residencia no corresponde con la UAG de la Demanda"
"terror_702","NPF1008","Domicilio de residencia incompleto"
"terror_703","NPF1009","Domicilio de notificaci�n en Espa�a, incompatible con pa�s de notificaci�n"
"terror_704","NPF1010","Domicilio de notificaci�n en el extranjero, incompatible con pa�s de notificaci�n Espa�a"
"terror_705","NPF1011","Tipo de v�a p�blica ( notificaci�n ): Dato obligatorio"
"terror_706","NPF1012","Nombre de v�a p�blica ( notificaci�n ): Dato obligatorio"
"terror_707","NPF1013","Nombre de v�a p�blica ( notificaci�n ): Contiene caracteres no v�lidos"
"terror_708","NPF1014","N�mero de v�a p�blica ( notificaci�n ): Dato obligatorio"
"terror_709","NPF1015","N�mero de v�a p�blica ( notificaci�n ): No es num�rico o S/N"
"terror_710","NPF1016","Escalera de domicilio ( notificaci�n ): Dato err�neo"
"terror_711","NPF1017","Piso de domicilio ( notificaci�n ): Dato err�neo"
"terror_712","NPF1018","Puerta de domicilio ( notificaci�n ): Dato err�neo"
"terror_713","NPF1019","C�digo postal ( notificaci�n ): Dato err�neo"
"terror_714","NPF1020","Texto 1 de domicilio en el extranjero ( notificaci�n ): Dato obligatorio"
"terror_715","NPF1021","Texto 1 de domicilio en el extranjero ( residencia ): Dato obligatorio"
"terror_716","NPF1022","Tel�fono contiene menos de seis n�meros"
"terror_717","NPF1023",":Fecha fin de minusval�a: Formato err�neo"
"terror_718","NPF1024","Fecha fin de minusval�a: anterior a la existente"
"terror_719","NPF1025","Nombre de v�a p�blica ( residencia ): Contiene caracteres no v�lidos"
"terror_720","NPF1026","Letra de domicilio de residencia: contiene caracteres no v�lidos"
"terror_721","NPF1027","Dominio incorrecto"
"terror_722","NPF1028","Primer apellido inexistente en diccionario (aceptar `S`,`N`)"
"terror_723","NPF1029","Segundo apellido inexistente en diccionario (aceptar `S`, `N`)"
"terror_724","NPF1030","Nombre inexistente endiccionario (aceptar `S`, `N`)"
"terror_725","NPF1032","Seleccione una opci�n"
"terror_726","NPF1033","Acci�n no permitida, alta/modificacion en curso desde demandas."
"terror_727","NPF1034","Nombre, tiene caracteres no v�lidos"
"terror_728","NPF1035","Primer apellido, tiene caracteres no v�lidos"
"terror_729","NPF1036","Segundo apellido, tiene caracteres no v�lidos"
"terror_730","NPF1037","Valor erroneo para el n�mero de via publica(notificaci�n)"
"terror_731","NPF1038","Apellido / nombre introducido es una particula"
"terror_732","NPF1039","Formaci�n, no es num�rico."
"terror_733","NPF1040","El nivel de formaci�n debe ser superior al actual"
"terror_734","NPF1041","Usuario no autorizado a cambiar la direcci�n de residencia"
"terror_735","NPF1042","Error en B.D. de Prestaciones/REASS"
"terror_736","NPF1043","Error en B.D. de Contratos"
"terror_737","NPF1044","Error en B.D. de Empleo"
"terror_738","NPF1045","Error en B.D. de Formaci�n"
"terror_739","NPF1046","Error en B.D. de Escuelas Taller"
"terror_740","NPF1047","Error de par�metros"
"terror_741","NPF1048","Domicilio de residencia en Espa�a, incompatible con pa�s de residencia"
"terror_742","NPF1049","Domicilio de residencia en el extranjero, incompatible con pa�s de rsidencia Espa�a"
"terror_743","NPF1050","Nombre de v�a p�blica ( residencia ): Contiene caracteres no v�lidos"
"terror_744","NPF1051","Error en el c�lculo del n�mero identificativo."
"terror_745","NPF1052","Para el identificador, existe un duplicado"
"terror_746","NPF1053","Grado de minusval�a, no num�rico"
"terror_747","NPF1054","Indicador de min�svalia incompatible con grado de minusval�a."
"terror_748","NPF1055","Operaci�n anulada"
"terror_749","NPF1056","Error en B.D."
"terror_750","NPF1057","Registro en uso"
"terror_751","NPF1058","Tecla de funci�n no activada"
"terror_752","NPF1059","IDEntificador distinto al capturado en la pantalla anterior"
"terror_753","NPF1060","Pulse <PF5> para confirmar"
"terror_754","NPF1070","IDEntificador de extranjeros incorrecto ."
"terror_755","NPF1071","Datos de minusval�a obligatorios, existe en Empleo Minusval�a."
"terror_756","NPF1072","Car�cter de control, dato obligatorio."
"terror_757","NPF1073","Formato incorrecto del tel�fono 1 de contacto."
"terror_758","NPF1074","Formato incorrecto del tel�fono 2 de contacto."
"terror_759","NPF1075","Formato incorrecto del tel�fono m�vil."
"terror_760","NPF1076","Formato del n�mero de afiliaci�n a la Seguridad Social incorrecto."
"terror_761","NPF1077","Grado de minusval�a err�neo."
"terror_762","NPF1079","Localidad / Municipio de notificaci�n dato obligatorio."
"terror_763","NPF1080","C�digo Postal de notificaci�n obligatorio."
"terror_764","NPF1081","Domicilio de notificaci�n en Espa�a, dato obligatorio."
"terror_765","NPF1082","Pulse <ENTER> para continuar."
"terror_766","NPF1083","Fichero de prestaciones bloqueado."
"terror_767","NPF1084","No realizado, error en Contratos."
"terror_768","NPF1085","Error acceso a tablas REASS."
"terror_769","NPF1086","No realizado, error en datos de Empleo."
"terror_770","NPF1087","No realizado, error en datos de Formaci�n."
"terror_771","NPF1088","No realizado, error en datos de ET y CO."
"terror_772","NPF1089","Ficheros bloqueados."
"terror_773","NPF1090","El identificador ha cambiado a:."
"terror_774","NPF1255","No realizado, error en base datos de entidades comunes."
"terror_775","NPF1407","Persona fisica relacionada."
"terror_776","NPF1411","Nacionalidad incompatible con tipo de documento."
"terror_777","NPF1416","Cambio de identificador no permitido."
"terror_778","NPF1417","Nacionalidad ha de ser espa�ola."
"terror_779","NPF1482","Tipo de autorizaci�n administrativa obligatorio."
"terror_780","NPF1483","Tipo de autorizaci�n administrativa inexistente."
"terror_781","NPF1484","Fecha fin vigencia autorizaci�n administrativa obligatorio."
"terror_782","NPF1485","Fecha fin vigencia autorizaci�n administrativa inferior actual."
"terror_783","NPF1486","Fecha fin vigencia autorizaci�n administr. formato incorrecto."
"terror_784","NPF1487","Provincia �mbito territorial inexistente."
"terror_785","NPF1488","Isla del �mbito territorial inexistente."
"terror_786","NPF1489","Entidad supramunicipal del �mbito territorial inexistente."
"terror_787","NPF1490","Municipio del �mbito territorial inexistente."
"terror_788","NPF1491","Actividad/ocupaci�n de autorizaci�n administrativa obligatoria."
"terror_789","NPF1492","Actividad/ocupaci�n de autorizaci�n administrativa incorrecto."
"terror_790","NPF1493","No rellene datos de autorizaci�n administrativa."
"terror_791","NPF1494","Entidad supramunicipal incompatible con municipio."
"terror_792","NPF1495","Isla incompatible con entidad supramunicipal."
"terror_793","NPF1496","Provincia incompatible con isla o con ent. supramunicipal."
"terror_794","NPF1900","Datos incompatible entre pa�s y domicilio"
"terror_795","NPF1901","Primer apellido :dato obligatorio no cumplimentado. No se acepta la comunicaci�n."
"terror_796","NPF1902","Nombre : dato obligatorio no cumplimentado. No se acepta la comunicaci�n."
"terror_797","NPF1903","En el Apellido / Nombre s�lo se admiten los caracteres A - Z, punto y gui�n. No se acepta la comunicaci�n."
"terror_798","NPF1904","Apellido / Nombre introducido es una part�cula. No se acepta la comunicaci�n."
"terror_799","NPF1905","Sexo : dato obligatorio no cumplimentado. No se acepta la comunicaci�n."
"terror_800","NPF1906","Nivel de formaci�n : dato obligatorio no cumplimentado. No se acepta la comunicaci�n."
"terror_801","NPF1907","Indicador de minusval�a : dato obligatorio no cumplimentado. No se acepta la comunicaci�n."
"terror_802","NPF1908","Indicador de minusval�a err�neo. No se acepta la comunicaci�n."
"terror_803","NPF1909","Grado de minusval�a : dato obligatorio si tiene minusval�a. No se acepta la comunicaci�n."
"terror_804","NPF1910","Grado de minusvalia incorrecto :debe ser igual � mayor a 33%. No se acepta la comunicaci�n."
"terror_805","NPF1911","Pa�s de residencia es dato obligatorio. No se acepta la comunicaci�n."
"terror_806","NPF1912","Debe introducir s�lo el domicilio en resid. extranjero. No se acepta la comunicaci�n."
"terror_807","NPF1913","Debe introducir el domicilio en notif. extranjero. No se acepta la comunicaci�n."
"terror_808","NPF1914","Tipo de V�a p�blica : dato obligatorio. No se acepta la comunicaci�n."
"terror_809","NPF1915","Nombre de V�a P�blica : dato obligatorio. No se acepta la comunicaci�n."
"terror_810","NPF1916","Caracteres y/o valores err�neos para el nombre de V�a P�blica. No se acepta la comunicaci�n."
"terror_811","NPF1917","N�mero en v�a p�blica : dato obligatorio. No se acepta la comunicaci�n."
"terror_812","NPF1918","Valor err�neo para el N�mero de la v�a p�blica. No se acepta la comunicaci�n."
"terror_813","NPF1919","Valores incorrectos para Bis / Duplicado. No se acepta la comunicaci�n."
"terror_814","NPF1920","Valor incorrecto para el dato Escalera. No se acepta la comunicaci�n."
"terror_815","NPF1921","Pais de nacimiento : dato obligatorio. No se acepta la comunicaci�n."
"terror_816","NPF1922","Valor incorrecto para el dato Piso. No se acepta la comunicaci�n."
"terror_817","NPF1923","Valor incorrecto para Letra � n�mero de puerta. No se acepta la comunicaci�n."
"terror_818","NPF1924","C�digo de Localidad / Municipio : dato obligatorio. No se acepta la comunicaci�n."
"terror_819","NPF1925","C�digo Postal : dato obligaorio. No se acepta la comunicaci�n."
"terror_820","NPF1926","Localidad de nacimiento : dato obligatorio. No se acepta la comunicaci�n."
"terror_821","NPF1927","Fecha de nacimiento : dato obligatorio. No se acepta la comunicaci�n."
"terror_822","NPF1928","Valor / Formato de fecha de nacimiento err�neo. No se acepta la comunicaci�n."
"terror_823","NPF1929","Nacionalidad actual: dato obligatorio. No se acepta la comunicaci�n."
"terror_824","NPF1930","Nacionalidad err�nea respecto a tipo de documento de identificaci�n. No se acepta la comunicaci�n."
"terror_825","NPF1931","El tel�fono de contacto tiene caracteres incorrectos. No se acepta la comunicaci�n."
"terror_826","NPF1932","N�mero de S.Social : dato obligatorio. No se acepta la comunicaci�n."
"terror_827","NPF1933","Valor incorrecto en el n�mero de la S.Social. No se acepta la comunicaci�n."
"terror_828","NPF1934","Error en el d�gito de control del n�mero de la S.Social. No se acepta la comunicaci�n."
"terror_829","NPF1935","Caracteres incorrectos en Ciudad extranjera. No se acepta la comunicaci�n."
"terror_830","NPF1936","Pa�s de residencia en el extranjero no puede ser Espa�a. No se acepta la comunicaci�n."
"terror_831","NPF1937","Error en el documento de identificaci�n para extranjeros. No se acepta la comunicaci�n."
"terror_832","NPF1938","Numero de identificaci�n de persona : dato obligatorio. No se acepta la comunicaci�n."
"terror_833","NPF1939","Tipo de documento identificativo err�neo."
"terror_834","NPF1940","Tipo de documento no permitido para Contrataci�n por Internet. No se acepta la comunicaci�n."
"terror_835","NPF1941","El N�mero de documento relativo a ese tipo no es un dato correcto. No se acepta la comunicaci�n."
"terror_836","NPF1942","El car�cter de control para el DNI / NIEno es correcto."
"terror_837","NPF1943","El identificador de persona f�sica ya existe � es err�neo. No se acepta la comunicaci�n."
"terror_838","NPF1944","C�digo de fichero para transacci�nde alta err�neo. No se acepta la comunicaci�n."
"terror_839","NPF1945","Persona F�sica inexistente. No se acepta la comunicaci�n."
"terror_840","NPF1946","C�digo de transacci�n err�neo. No se acepta la comunicaci�n."
"terror_841","NPF1947","Datos incompatibles : Pa�s / Localidad de nacimiento. No se acepta la comunicaci�n."
"terror_842","NPF1948","Car�cter de control para DNI / NIE :dato obligatorio. No se acepta la comunicaci�n."
"terror_843","NPF1949","Error en acceso a datos de P.F. No se acepta la comunicaci�n."
"terror_844","NPF1950","Error en el c�lculo del n�mero del DNI. No se acepta la comunicaci�n."
"terror_845","NPF1951","El contenido del dato tiene caracteres no numericos. No se acepta la comunicaci�n."
"terror_846","NPF1952","Primer apellido inexistente en diccionario. No se acepta la comunicaci�n."
"terror_847","NPF1953","Segundo apellido inexistente en diccionario. No se acepta la comunicaci�n."
"terror_848","NPF1954","Nombre inexistente en diccionario. No se acepta la comunicaci�n."
"terror_849","NPF1955","Nombre asociado a sexo contrario. No se acepta la comunicaci�n."
"terror_850","NPF1956","Fecha fin de discapacidad err�nea. No se acepta la comunicaci�n."
"terror_851","NPF1957","Alta de Persona F�sica realizada satisfactoriamente. No se acepta la comunicaci�n."
"terror_852","NPF1958","IDEntificador de Persona F�sica existente en Base de datos. No se acepta la comunicaci�n."
"terror_853","NPF1959","Existe un cambio de Identificador con esta persona. No se acepta la comunicaci�n."
"terror_854","NPF1960","Operaci�n anulada.Dominio inadecuado. No se acepta la comunicaci�n."
"terror_855","NPF1961","Usuario no autorizado para realizar la transacci�n. No se acepta la comunicaci�n."
"terror_856","NPF1962","El identificador de persona f�sica ya existe para el fichero de discapacidades. No se acepta la comunicaci�n."
"terror_857","NPF1963","Accion no permitida, alta/modif. en curso desde demandas"
"terror_858","NPF1964","Registro bloqueado, intentelo mas adelante."
"terror_859","NPF1965","No realizado. error en base de datos."
"terror_860","NPF1966","No realizado. error en base de datos etco."
"terror_861","NPF1967","Nombre inexistente. busque por caf."
"terror_862","NPF1968","No rellene la direccion de residencia."
"terror_863","NPF1969","Direccion de residencia incompleta."
"terror_864","NPF1970","Validacion de contratos correcta, faltan otros datos."
"terror_865","NPF1971","Usuario no autorizado a cambiar la direccion de residencia."
"terror_866","NPF1972","F. nacimiento o sexo inconsistentes con el fich. demandas."
"terror_867","NPF1973","Registro de demandas holdeado."
"terror_868","NPF1974","Existe dir. notificacion sin dir. de residencia."
"terror_869","NPF1975","Oper. anulada. no se relleno domic. resid. requerido."
"terror_870","NPF1976","Domicilio de residencia incompatible con demanda."
"terror_871","NPF1977","Pulse <enter> para continuar."
"terror_872","NPF1978","Datos inconsistentes."
"terror_873","NPF1979","Error en la modificacion de contratos."
"terror_874","NPF1980","Nacionalidad incompatible con tipo. intente un c.i."
"terror_875","NPF1981","Codigo de sexo es incorrecto."
"terror_876","NPF1982","Codigo de nivel de formacion es erroneo."
"terror_877","NPF1983","Codigo de via publica es incorrecto."
"terror_878","NPF1984","Codigo de localidad es erroneo."
"terror_879","NPF1985","Codigo postal es erroneo."
"terror_880","NPF1986","Localidad de nacimiento es erronea."
"terror_881","NPF1987","Codigo de pais es incorrecto."
"terror_882","NPF1988","La edad es inferior a la edad minima laboral."
"terror_883","NPF1989","Nacionalidad actual es erronea."
"terror_884","NPF1990","Pais de residenciaes incorrecto."
"terror_885","NPF1991","Certificaci�n de datos con la DGP (`S`, `N`). No se acepta la comunicaci�n."
"terror_886","NPF1992","Teclee un s�lo identificador de persona. No se acepta la comunicaci�n."
"terror_887","NPF1993","Dato no requerido para el tipo de identificador. No se acepta la comunicaci�n."
"terror_888","NPF1994","IDEntificador distinto al capturado en la pantalla anterior. No se acepta la comunicaci�n."
"terror_889","NPF1995","Grado o fecha de minusvalia incompatible."
"terror_890","NPF1996","El nivel de formacion debe ser superior al actual."
"terror_891","NPF1997","No hay identificador disponible.consulte a su c.atencion."
"terror_892","NPF1998","Formato incorrecto del identificador."
"terror_893","NPF1999","Domicilio no se corresponde con u.a.g."
"terror_894","NTA1981","C�digo de SEXO no existe en Tablas. No se acepta la comunicaci�n."
"terror_895","NTA1982","C�digo de NIVEL de FORMACION no existe en tablas. No se acepta la comunicaci�n."
"terror_896","NTA1983","C�digo de V�a P�blica no existe en tablas. No se acepta la comunicaci�n."
"terror_897","NTA1984","C�digo de Localidad no existe en tablas. No se acepta la comunicaci�n."
"terror_898","NTA1985","C�digo Postal no existe en tablas. No se acepta la comunicaci�n."
"terror_899","NTA1986","Localidad de nacimiento no existe en tablas. No se acepta la comunicaci�n."
"terror_900","NTA1987","Pa�s de nacimiento no existe en tablas. No se acepta la comunicaci�n."
"terror_901","NTA1988","Edad inferior a edad m�nima laboral de tablas. No se acepta la comunicaci�n."
"terror_902","NTA1989","Nacionalidad actual no existe en tablas. No se acepta la comunicaci�n."
"terror_903","NTA1990","Pa�s de residencia no existe en tablas. No se acepta la comunicaci�n."
"terror_904","TAB0001","Actividad econ�mica: No existe en tablas."
"terror_905","TAP0001","C�digo postal: No existe en tablas."
"terror_906","TDG0001","Tipo de v�a p�blica: No existe en tablas."
"terror_907","TDP0001","Municipio: No existe en tabla."